Country,Year,Status,Life expectancy,Adult Mortality,infant deaths,Alcohol,Hepatitis B,BMI,Polio,Total expenditure,Diphtheria,HIV,Human Development Groups,Population,Income composition of resources,Schooling
Afghanistan,2015,Developing,65,263,62,0.01,65,19.1,6,8.16,65,0.1,Low,33736494,0.479,10.1
Bhutan,2014,Developing,60,271,64,0.01,62,18.6,58,8.18,62,0.1,Medium,327582,0.476,10
Afghanistan,2013,Developing,60,268,66,0.01,64,18.1,62,8.13,64,0.1,High,31731688,0.47,9.9
Afghanistan,2012,Developing,60,272,69,0.01,67,17.6,67,8.52,67,0.1,Very High,3696958,0.463,9.8
Afghanistan,2011,Developing,60,275,71,0.01,68,17.2,68,7.87,68,0.1,Very High,2978599,0.454,9.5
Canada,2010,Developing,59,279,74,0.01,66,16.7,66,9.2,66,0.1,Very High,2883167,0.448,9.2
Afghanistan,2009,Developing,59,281,77,0.01,63,16.2,63,9.42,63,0.1,High,284331,0.434,8.9
Afghanistan,2008,Developing,59,287,80,0.03,64,15.7,64,8.33,64,0.1,High,2729431,0.433,8.7
USA,2007,Developing,58,295,82,0.02,63,15.2,63,6.73,63,0.1,Very High,26616792,0.415,8.4
Afghanistan,2006,Developing,58,295,84,0.03,64,14.7,58,7.43,58,0.1,Very High,2589345,0.405,8.1
Afghanistan,2005,Developing,57,291,85,0.02,66,14.2,58,8.7,58,0.1,High,257798,0.396,7.9
USA,2004,Developing,57,293,87,0.02,67,13.8,5,8.79,55,0.1,Low,24118979,0.381,6.8
Afghanistan,2003,Developing,57,295,87,0.01,65,13.4,41,8.82,41,0.1,Very High,2364851,0.373,6.5
Afghanistan,2002,Developing,56,3,88,0.01,64,13.4,36,7.76,36,0.1,Low,21979923,0.341,6.2
Afghanistan,2001,Developing,55,316,88,0.01,63,12.6,35,7.8,33,0.1,Low,2966463,0.34,5.9
India,2000,Developing,55,321,88,0.01,62,12.2,24,8.2,24,0.1,Medium,293756,0.338,5.5
Albania,2015,Developing,78,74,0,4.6,99,58.1,99,6,99,0.1,High,28873,0.762,14.2
Albania,2014,Developing,78,8,0,4.51,98,57.2,98,5.88,98,0.1,Very High,288914,0.761,14.2
Albania,2013,Developing,77,84,0,4.76,99,56.5,99,5.66,99,0.1,Very High,289592,0.759,14.2
Bhutan,2012,Developing,77,86,0,5.14,99,55.8,99,5.59,99,0.1,High,2941,0.752,14.2
Albania,2011,Developing,77,88,0,5.37,99,55.1,99,5.71,99,0.1,Very High,295195,0.738,13.3
Albania,2010,Developing,76,91,1,5.28,99,54.3,99,5.34,99,0.1,Medium,291321,0.725,12.5
Albania,2009,Developing,76,91,1,5.79,98,53.5,98,5.79,98,0.1,Medium,2927519,0.721,12.2
Albania,2008,Developing,75,1,1,5.61,99,52.6,99,5.87,99,0.1,High,2947314,0.713,12
Canada,2007,Developing,76,9,1,5.58,98,51.7,99,6.1,98,0.1,High,29717,0.703,11.6
Albania,2006,Developing,74,99,1,5.31,98,5.8,97,5.86,97,0.1,Very High,2992547,0.696,11.4
Albania,2005,Developing,74,15,1,5.16,98,49.9,97,6.12,98,0.1,Medium,311487,0.685,10.8
USA,2004,Developing,73,17,1,4.54,99,48.9,98,6.38,97,0.1,Medium,326939,0.681,10.9
Albania,2003,Developing,73,18,1,4.29,97,47.9,97,6.27,97,0.1,Low,339616,0.674,10.7
Albania,2002,Developing,73,15,1,3.73,96,46.9,98,6.3,98,0.1,Very High,3511,0.67,10.7
Germany,2001,Developing,74,14,1,4.25,96,46.3,97,6,97,0.1,Very High,36173,0.662,10.6
Albania,2000,Developing,73,11,1,3.66,96,45.2,97,6.26,97,0.1,Very High,38927,0.656,10.7
Algeria,2015,Developing,76,19,21,5.58,95,59.5,95,6.12,95,0.1,High,39871528,0.743,14.4
Algeria,2014,Developing,75,11,21,0.01,95,58.4,95,7.21,95,0.1,Medium,39113313,0.741,14.4
Algeria,2013,Developing,75,112,21,0.53,95,57.2,95,7.12,95,0.1,Medium,38338562,0.737,14.4
Algeria,2012,Developing,75,113,21,0.66,95,56.1,95,6.14,95,0.1,Low,37565847,0.732,14.4
Algeria,2011,Developing,75,116,21,0.56,95,55.3,95,5.29,95,0.1,Medium,36819558,0.724,14
Brazil,2010,Developing,75,119,21,0.45,95,53.9,95,5.12,95,0.1,High,36117637,0.714,13.6
Algeria,2009,Developing,74,123,20,0.5,94,52.8,94,5.36,95,0.1,Medium,3546576,0.705,13.1
Algeria,2008,Developing,74,126,20,0.46,91,51.8,92,4.2,93,0.1,Medium,3486715,0.697,12.6
Argentina,2007,Developing,74,129,20,0.44,9,5.8,95,3.82,95,0.1,Very High,34376,0.69,12.3
Algeria,2006,Developing,73,132,20,0.36,8,49.8,95,3.36,95,0.1,High,33777915,0.686,12.3
Algeria,2005,Developing,73,136,19,0.5,83,48.9,88,3.24,88,0.1,Very High,33288437,0.68,12
Algeria,2004,Developing,72,14,19,0.45,81,47.9,86,3.54,86,0.1,Very High,3283196,0.673,11.7
Nepal,2003,Developing,71,146,20,0.34,64,47.2,87,3.6,87,0.1,Very High,3243514,0.663,11.5
Algeria,2002,Developing,72,145,20,0.36,64,46.1,86,3.73,86,0.1,Low,3199546,0.653,11.1
Algeria,2001,Developing,71,145,20,0.23,77,45.3,89,3.84,89,0.1,High,31592153,0.644,10.9
Nepal,2000,Developing,71,145,21,0.25,75,44.4,86,3.49,86,0.1,Very High,3118366,0.636,10.7
Angola,2015,Developing,52,335,66,0.34,72,23.3,7,3.6,64,1.9,High,2785935,0.531,11.4
Angola,2014,Developing,51,348,67,8.33,77,22.7,68,3.31,64,2.2,High,2692466,0.527,11.4
Bhutan,2013,Developing,51,355,69,8.1,77,22.1,67,4.26,77,2.3,High,2599834,0.523,11.4
Angola,2012,Developing,56,358,72,8.24,75,21.5,75,3.3,75,2.6,High,259615,0.508,10.3
Angola,2011,Developing,51,361,75,8.06,72,21.5,73,3.38,71,2.5,Low,24218565,0.495,9.4
Angola,2010,Developing,49,365,78,7.8,77,2.4,81,3.39,77,2.5,Very High,23369131,0.488,9
USA,2009,Developing,49,369,81,7.01,61,19.8,63,4.37,66,2.5,Very High,22549547,0.48,8.5
Angola,2008,Developing,48,371,84,7.07,69,19.3,65,3.84,69,2.6,Low,2175942,0.468,8.1
Angola,2007,Developing,48,375,87,6.35,73,18.8,75,3.38,73,2.6,Very High,2997687,0.454,7.7
Angola,2006,Developing,47,381,90,5.84,75,18.2,36,4.54,34,2.5,High,2262399,0.439,7.2
Russia,2005,Developing,47,382,92,5.04,72,17.7,39,4.1,38,2.6,Very High,19552542,0.426,6.8
Angola,2004,Developing,47,386,94,3.53,77,17.2,4,4.71,44,2.5,Medium,18865716,0.415,6.4
Angola,2003,Developing,46,388,95,3.49,61,16.8,4,4.41,44,2.4,High,1823369,0.406,5.9
Germany,2002,Developing,46,391,96,2.82,69,16.3,37,3.63,41,2.3,Very High,17572649,0.401,5.5
Angola,2001,Developing,45,44,97,2.58,75,15.8,41,5.38,38,2.1,Very High,16983266,0.391,5.1
Angola,2000,Developing,45,48,97,1.85,72,15.4,3,2.79,28,2.2,Medium,1644924,0.382,4.6
Antigua and Barbuda,2015,Developing,76,13,0,5.04,77,47.7,86,5.04,99,0.2,Low,3243514,0.784,13.9
Antigua and Barbuda,2014,Developing,76,131,0,8.56,61,47.2,96,5.54,99,0.2,Low,3199546,0.782,13.9
Portugal,2013,Developing,76,133,0,8.58,69,46.4,98,5.33,99,0.2,Low,31592153,0.781,13.9
Antigua and Barbuda,2012,Developing,76,134,0,8.18,98,45.7,97,5.39,98,0.2,Medium,3118366,0.778,13.8
Antigua and Barbuda,2011,Developing,76,136,0,7.84,99,45.1,99,5.65,99,0.1,Very High,2785935,0.782,14.1
Antigua and Barbuda,2010,Developing,66,138,0,7.84,98,44.4,99,5.63,98,0.1,High,2692466,0.783,14.1
USA,2009,Developing,77,14,0,7.82,98,43.8,98,4.86,99,0.1,Medium,2599834,0.788,14.2
Antigua and Barbuda,2008,Developing,75,142,0,8.27,98,43.2,99,4.69,99,0.1,High,259615,0.786,14.4
Antigua and Barbuda,2007,Developing,75,144,0,8.64,97,42.6,98,4.27,99,0.1,Very High,24218565,0.781,14.5
UK,2006,Developing,75,145,0,8.93,99,42.3,99,4.34,99,0.1,Medium,23369131,0.773,14.7
Antigua and Barbuda,2005,Developing,75,147,0,8.15,99,41.4,98,4.41,99,0.1,Very High,22549547,0,0
Antigua and Barbuda,2004,Developing,74,149,0,7.28,97,4.8,97,4.21,97,0.1,Low,2175942,0,0
Antigua and Barbuda,2003,Developing,74,151,0,7.16,99,4.1,99,4.53,99,0.1,Very High,2997687,0,0
UK,2002,Developing,74,153,0,7.21,99,39.5,93,4.41,98,0.1,High,2262399,0,0
Antigua and Barbuda,2001,Developing,74,154,0,7.51,96,38.9,99,4.48,97,0.1,Medium,4382389,0,0
Antigua and Barbuda,2000,Developing,74,156,0,7.27,89,38.2,96,4.13,95,0.1,Very High,3997224,0,0
UK,2015,Developing,77,116,8,5.04,94,62.8,93,5.04,94,0.1,High,43417765,0.826,17.3
Argentina,2014,Developing,76,118,8,7.93,94,62.2,92,4.79,94,0.1,Medium,42981515,0.825,17.3
Argentina,2013,Developing,76,119,8,8.28,94,61.6,99,4.99,94,0.1,Very High,42539925,0.823,17.3
Argentina,2012,Developing,76,12,9,8.35,91,61.2,99,5.2,91,0.1,Very High,4296739,0.822,17.2
USA,2011,Developing,75,12,9,8.11,91,6.4,93,5.89,91,0.1,Very High,41656879,0.816,17.1
Argentina,2010,Developing,75,121,10,8.15,94,59.8,95,6.55,94,0.1,High,41223889,0.802,16.8
Argentina,2009,Developing,76,126,10,8.33,94,59.2,97,7.63,94,0.1,High,479947,0.794,16.5
France,2008,Developing,75,126,10,8.41,9,58.6,94,6.66,93,0.1,Very High,4382389,0.792,16.3
Argentina,2007,Developing,75,129,10,8.16,85,58.2,92,6.49,91,0.1,Very High,3997224,0.788,16.3
Argentina,2006,Developing,75,127,11,7.75,84,57.5,92,6.68,91,0.1,Medium,3955889,0.782,16.1
Argentina,2005,Developing,75,127,11,7.53,88,56.9,95,6.85,98,0.1,Medium,39145488,0.78,16.3
Brazil,2004,Developing,75,13,11,7.63,81,56.3,91,6.84,98,0.1,Medium,38728696,0.775,16.3
Argentina,2003,Developing,74,137,11,7.62,73,55.7,95,8.22,96,0.1,Medium,3839379,0.77,16.4
Argentina,2002,Developing,74,138,12,7.81,66,55.1,94,8.31,93,0.1,High,3788937,0.776,16.3
Argentina,2001,Developing,74,138,12,7.76,65,54.6,85,9.38,83,0.1,Very High,3747159,0.771,15.6
Argentina,2000,Developing,74,137,12,7.68,62,54.2,88,9.21,83,0.1,Very High,3757452,0.764,15
India,2015,Developing,75,118,1,5.04,94,54.9,96,5.04,94,0.1,Medium,291695,0.741,12.7
Armenia,2014,Developing,75,12,1,3.91,93,54.1,95,4.48,93,0.1,High,29622,0.739,12.7
Armenia,2013,Developing,74,123,1,3.79,95,53.3,96,4.55,95,0.1,Low,289359,0.736,12.7
Armenia,2012,Developing,74,121,1,3.89,95,52.6,96,4.48,95,0.1,High,2881922,0.732,12.7
Armenia,2011,Developing,74,128,1,4.09,95,51.9,96,3.71,95,0.1,High,2875581,0.729,12.7
Armenia,2010,Developing,73,132,1,4.23,94,51.2,96,4.56,94,0.1,Very High,2877311,0.72,12.3
Armenia,2009,Developing,73,137,1,3.96,93,5.7,94,4.55,93,0.1,High,2888584,0.725,11.9
Bangladesh,2008,Developing,73,14,1,3.96,89,5.1,91,3.8,89,0.1,Low,29822,0.721,12.3
Armenia,2007,Developing,73,132,1,3.99,85,49.7,9,4.31,88,0.1,Very High,293356,0.707,11.7
Armenia,2006,Developing,64,141,1,4.01,78,49.2,87,4.58,87,0.1,Very High,29585,0.692,11.2
Armenia,2005,Developing,73,137,1,4.25,91,48.8,92,5.25,99,0.1,Very High,2981259,0.679,10.9
India,2004,Developing,73,132,1,3.81,91,48.4,93,5.5,91,0.1,Medium,3612,0.668,10.9
Armenia,2003,Developing,74,134,1,3.03,93,48.1,96,5.56,94,0.1,Medium,31786,0.657,10.8
Armenia,2002,Developing,73,134,1,2.86,91,47.8,96,5.4,94,0.1,High,333897,0.645,10.8
Armenia,2001,Developing,73,141,1,2.86,69,47.4,97,5.94,94,0.1,Low,35655,0.644,11.1
Bhutan,2000,Developing,72,142,1,2.9,55,47.1,96,6.25,93,0.1,High,369588,0.639,11.2
Australia,2015,Developed,83,59,1,5.04,93,66.6,93,5.04,93,0.1,High,23789338,0.937,20.4
Australia,2014,Developed,83,6,1,9.71,91,66.1,92,9.42,92,0.1,Medium,2346694,0.936,20.4
Australia,2013,Developed,83,61,1,9.87,91,65.5,91,9.36,91,0.1,High,23117353,0.933,20.3
USA,2012,Developed,82,61,1,10.03,91,65.1,92,9.36,92,0.1,Low,22728254,0.93,20.1
Australia,2011,Developed,82,63,1,10.3,92,64.4,92,9.2,92,0.1,Very High,223424,0.927,19.8
Australia,2010,Developed,82,64,1,10.52,92,63.9,92,9.2,92,0.1,Medium,223175,0.927,19.5
Australia,2009,Developed,82,66,1,10.62,94,63.4,92,9.5,92,0.1,Very High,216917,0.925,19.1
Australia,2008,Developed,81,66,1,10.76,94,62.9,92,8.78,92,0.1,High,212492,0.921,19.1
Australia,2007,Developed,81,66,1,10.56,94,62.5,92,8.53,92,0.1,Low,28276,0.918,19
UK,2006,Developed,81,66,1,10.31,95,62.2,92,8.49,92,0.1,Medium,26979,0.915,20.3
Australia,2005,Developed,81,67,1,10.3,95,61.5,92,8.45,92,0.1,Very High,23948,0.91,20.3
Australia,2004,Developed,86,69,1,9.84,95,6.9,92,8.57,92,0.1,Low,21274,0.908,20.7
Australia,2003,Developed,83,71,1,9.97,95,6.3,92,8.32,93,0.1,Very High,198954,0.905,20.6
Australia,2002,Developed,80,73,1,9.84,95,59.6,92,8.39,92,0.1,Medium,196514,0.902,20.1
Canada,2001,Developed,80,75,1,9.53,94,59.2,91,8.18,92,0.1,Low,19413,0.899,20.5
Australia,2000,Developed,80,78,1,10.17,92,58.2,9,8.8,99,0.1,Low,19153,0.897,20.4
Austria,2015,Developed,82,65,0,5.04,93,57.6,93,5.04,93,0.1,Medium,8633169,0.892,15.9
Austria,2014,Developed,81,66,0,12.32,98,57.1,98,11.21,98,0.1,Very High,8541575,0.892,15.9
Brazil,2013,Developed,81,68,0,11.82,95,56.6,95,11.14,95,0.1,Very High,8479375,0.887,15.7
Austria,2012,Developed,88,7,0,12.26,92,56.1,92,11.17,92,0.1,Medium,8429991,0.884,15.7
Austria,2011,Developed,88,73,0,12.04,89,55.7,89,1.94,89,0.1,Medium,8391643,0.88,15.7
Austria,2010,Developed,84,75,0,12.1,86,55.2,86,11.17,86,0.1,Very High,836344,0.872,15.4
Austria,2009,Developed,82,77,0,11.3,83,54.7,83,11.19,83,0.1,Very High,8343323,0.87,15.3
Germany,2008,Developed,84,76,0,12,83,54.2,83,1.6,83,0.1,Low,8321496,0.864,15.1
Austria,2007,Developed,81,8,0,12.5,85,53.7,85,1.4,85,0.1,Very High,8295487,0.86,15.2
Austria,2006,Developed,79,81,0,12.4,83,53.2,83,1.35,83,0.1,High,8268641,0.854,15
Austria,2005,Developed,79,85,0,12.4,86,52.7,86,1.53,86,0.1,Medium,8227829,0.848,14.9
Austria,2004,Developed,79,86,0,12.1,83,52.2,83,1.56,83,0.1,High,8171966,0.841,14.7
Canada,2003,Developed,79,88,0,12.2,83,51.7,84,1.48,84,0.1,Medium,8121423,0.837,14.7
Austria,2002,Developed,79,9,0,12.5,81,51.2,82,1.27,83,0.1,Very High,881957,0.847,16.1
Austria,2001,Developed,79,92,0,12.4,44,5.6,83,1.12,84,0.1,Medium,842293,0.837,15.5
Austria,2000,Developed,78,96,0,13.2,33,5.1,71,1.6,81,0.1,Very High,811566,0.833,15.4
Azerbaijan,2015,Developing,73,118,5,12.2,96,52.5,98,1.12,96,0.1,High,9649341,0.758,12.7
Portugal,2014,Developing,72,119,5,0.01,94,51.5,97,6.4,94,0.1,High,953579,0.752,12.2
Azerbaijan,2013,Developing,72,121,5,2.14,93,5.6,96,5.54,93,0.1,Very High,941681,0.745,11.9
Azerbaijan,2012,Developing,72,123,5,0.01,88,49.7,92,5.37,89,0.1,Very High,9295784,0.742,11.8
Azerbaijan,2011,Developing,72,125,5,1.98,84,48.8,91,5.1,87,0.1,Very High,917382,0.741,11.7
Azerbaijan,2010,Developing,71,13,5,1.98,8,48.2,85,5.33,81,0.1,Low,954332,0.737,11.7
Azerbaijan,2009,Developing,78,132,6,2.1,74,47.3,84,5.85,81,0.1,Very High,8947243,0.728,11.6
Azerbaijan,2008,Developing,73,141,6,1.18,68,46.6,85,4.37,81,0.1,Low,87634,0.719,11.6
Azerbaijan,2007,Developing,73,14,6,1.02,62,45.9,81,5.1,79,0.1,Low,85813,0.708,11.6
Azerbaijan,2006,Developing,69,154,6,0.85,52,45.3,8,6.17,78,0.1,Very High,848455,0.682,10.7
Algeria,2005,Developing,68,162,6,0.73,49,44.7,79,7.86,75,0.1,Medium,839185,0.675,11.2
Azerbaijan,2004,Developing,68,154,6,0.62,5,44.2,78,7.92,77,0.1,Low,8365,0.668,11
Azerbaijan,2003,Developing,68,154,7,0.55,51,43.6,79,6.56,77,0.1,Medium,82341,0.659,10.8
Azerbaijan,2002,Developing,68,146,7,0.55,5,43.1,8,4.47,76,0.1,Very High,817195,0.651,10.6
Uman,2001,Developing,66,151,8,0.51,62,42.6,77,4.48,77,0.1,Medium,81112,0.642,10.4
Azerbaijan,2000,Developing,67,16,9,0.65,52,42.1,75,4.67,76,0.1,Very High,8486,0.636,10.1
Bahamas,2015,Developing,76,147,0,0.55,49,64.5,95,4.48,95,0.1,Low,9295784,0.79,12.6
Bahamas,2014,Developing,75,16,0,9.45,96,63.8,96,7.74,96,0.1,Medium,917382,0.789,12.6
Bahamas,2013,Developing,75,172,0,9.42,97,63.2,97,7.5,97,0.1,High,954332,0.79,12.6
Bahamas,2012,Developing,75,167,0,9.5,96,62.6,99,7.43,98,0.2,Very High,8947243,0.789,12.6
Bahamas,2011,Developing,75,162,0,9.34,95,62.1,97,7.63,98,0.1,Very High,87634,0.788,12.6
Bahamas,2010,Developing,75,161,0,9.19,98,61.3,97,7.44,99,0.2,Very High,85813,0.788,12.6
Nepal,2009,Developing,75,168,0,9.29,95,6.7,97,7.43,96,0.1,Medium,848455,0.791,12.6
Bahamas,2008,Developing,75,167,0,10.15,9,6.1,93,7.3,93,0.1,High,839185,0.791,12.6
Bahamas,2007,Developing,74,167,0,10.75,93,59.4,95,7.8,95,0.1,Medium,8365,0.79,12.5
Bahamas,2006,Developing,74,171,0,11.07,96,58.7,94,6.93,95,0.1,Low,82341,0.788,12.4
Bahamas,2005,Developing,74,172,0,10.49,93,58.1,93,5.95,93,0.1,Low,817195,0.786,12.4
Switzerland,2004,Developing,74,174,0,10.1,93,57.4,92,6.2,93,0.1,Very High,81112,0.784,12.3
Bahamas,2003,Developing,73,189,0,10.68,88,56.7,93,5.62,92,0.1,Medium,8486,0.783,12.2
Bahamas,2002,Developing,73,19,0,10.85,89,56.2,93,5.26,94,0.1,High,9295784,0.781,12.1
Finland,2001,Developing,73,189,0,11.64,21,55.2,98,5.15,99,0.2,Medium,917382,0.779,12.1
Bahamas,2000,Developing,73,192,0,12.15,23,54.4,91,5.21,99,0.1,High,954332,0,12
Bahrain,2015,Developing,77,69,0,10.75,98,63.6,98,5.26,98,0.1,Very High,8947243,0.823,14.5
Bahrain,2014,Developing,77,7,0,1.57,98,62.9,98,4.98,98,0.1,High,87634,0.82,14.5
Bahrain,2013,Developing,77,7,0,1.65,99,62.2,99,4.69,99,0.1,Very High,85813,0.815,14.5
Bahrain,2012,Developing,77,71,0,1.7,99,61.5,99,4.37,99,0.1,Medium,848455,0.812,14.5
Bahrain,2011,Developing,76,76,0,1.66,99,6.8,99,3.4,99,0.1,Low,839185,0.812,14.4
Bahrain,2010,Developing,76,73,0,1.93,99,6.1,99,3.64,99,0.1,Low,8365,0.81,14.4
Bahrain,2009,Developing,76,74,0,1.95,98,59.3,97,3.79,98,0.1,High,82341,0.814,14.4
Bahrain,2008,Developing,76,76,0,2,97,58.5,97,3.17,97,0.1,Very High,817195,0.815,14.4
Bahrain,2007,Developing,76,77,0,2,97,57.6,97,3.8,97,0.1,Very High,81112,0.813,14.4
Finland,2006,Developing,76,79,0,2.1,98,56.8,98,3.8,98,0.1,High,8486,0.81,14.2
Bahrain,2005,Developing,75,81,0,2.05,98,56.1,98,3.16,98,0.1,High,9295784,0.806,14
Bahrain,2004,Developing,75,83,0,2.16,98,55.6,98,3.37,98,0.1,Medium,917382,0.803,13.9
Bhutan,2003,Developing,75,85,0,2.16,98,55.2,97,3.74,97,0.1,High,954332,0.798,13.7
Bahrain,2002,Developing,75,87,0,1.99,98,55.5,98,3.89,98,0.1,Medium,8947243,0.796,13.5
Bahrain,2001,Developing,75,9,0,1.95,99,54.8,99,3.8,99,0.1,High,87634,0.794,13.3
Bahrain,2000,Developing,75,92,0,2.15,97,54.5,97,3.51,97,0.1,Low,85813,0.786,13.2
Bangladesh,2015,Developing,72,129,92,1.95,97,18.3,97,3.89,97,0.1,High,848455,0.575,10.2
Bangladesh,2014,Developing,71,132,98,0.01,97,17.7,97,2.82,97,0.1,Medium,839185,0.57,10
Bangladesh,2013,Developing,71,135,104,0.01,96,17.3,96,2.88,96,0.1,Medium,8365,0.565,10
Bangladesh,2012,Developing,77,137,111,0.01,94,16.4,94,3.8,94,0.1,Low,82341,0.557,9.9
Bangladesh,2011,Developing,73,14,118,0.01,96,15.8,96,3.16,96,0.1,Medium,817195,0.545,9.4
Bangladesh,2010,Developing,70,142,126,0.01,94,15.2,94,3.6,94,0.1,High,81112,0.535,8.9
Bangladesh,2009,Developing,70,144,135,0.01,97,14.6,97,2.91,97,0.1,Very High,8486,0.523,8.4
Bangladesh,2008,Developing,69,147,144,0.01,96,14.2,96,2.85,96,0.1,Very High,8947243,0.52,8.6
Bangladesh,2007,Developing,69,151,154,0.01,95,13.5,96,2.8,94,0.1,Very High,87634,0.513,8.6
Bangladesh,2006,Developing,68,152,164,0.01,86,13.2,95,2.8,94,0.1,High,1453684,0.506,8.4
Bangladesh,2005,Developing,68,155,174,0.01,45,12.5,94,2.68,93,0.1,High,14343111,0.499,8.2
Bangladesh,2004,Developing,67,158,185,0.01,11,12.1,88,2.62,99,0.1,Very High,14137489,0.491,8.1
Bangladesh,2003,Developing,67,161,196,0.01,5,11.6,9,2.51,87,0.1,Very High,139191,0.484,7.9
Bangladesh,2002,Developing,66,164,207,0.01,96,11.2,83,2.59,83,0.1,High,1366667,0.476,7.7
Bangladesh,2001,Developing,66,168,219,0.01,95,1.8,85,2.47,85,0.1,Low,1341716,0.468,7.5
Bangladesh,2000,Developing,65,173,231,0.01,86,1.4,83,2.33,82,0.1,Very High,8947243,0.459,7.3
Barbados,2015,Developing,76,98,0,0.01,97,54.5,97,2.51,97,0.1,Low,87634,0.794,15.3
Nepal,2014,Developing,75,1,0,8.82,94,53.7,95,7.47,94,0.1,Low,8365,0.793,15.3
Barbados,2013,Developing,75,11,0,8.74,91,53.3,91,7.57,91,0.1,Medium,82341,0.792,15.3
Barbados,2012,Developing,75,12,0,8.61,87,52.2,88,7.43,87,0.1,High,817195,0.785,15.3
Barbados,2011,Developing,75,14,0,8.51,91,51.4,91,6.67,91,0.1,Very High,81112,0.78,15.5
Barbados,2010,Developing,75,16,0,8.41,86,5.7,9,6.17,86,0.1,Very High,8486,0.781,15.8
Barbados,2009,Developing,75,19,0,8.46,93,49.9,93,6.21,93,0.1,High,8947243,0.779,15.5
Barbados,2008,Developing,75,111,0,8.95,85,49.2,85,6.1,85,0.1,Very High,87634,0.775,15.3
Barbados,2007,Developing,74,113,0,8.47,93,48.4,93,5.64,93,0.1,Medium,1453684,0.771,15
Barbados,2006,Developing,74,115,0,8.39,84,47.7,85,5.27,84,0.1,Medium,14343111,0.766,14.8
Barbados,2005,Developing,74,117,0,8.01,92,46.9,91,5.38,92,0.1,High,14137489,0.761,14.6
India,2004,Developing,74,119,0,7.68,93,46.2,93,5.71,93,0.2,High,139191,0.757,14.4
Barbados,2003,Developing,74,121,0,7.65,91,45.4,9,5.82,89,0.4,Very High,817195,0.753,14.2
Barbados,2002,Developing,74,123,0,7.59,66,44.6,86,5.76,87,0.8,Medium,81112,0.749,14
Barbados,2001,Developing,73,125,0,7.38,18,43.8,93,5.47,84,0.7,Medium,8486,0.75,14
Barbados,2000,Developing,73,127,0,7.43,22,43.3,86,5.16,93,0.9,Low,8947243,0.741,14
Belarus,2015,Developing,72,196,0,7.68,99,62.3,99,5.76,99,0.1,Very High,87634,0.798,15.6
Belarus,2014,Developing,72,199,0,13.94,97,61.7,97,5.69,97,0.1,Very High,9474511,0.796,15.7
Belarus,2013,Developing,72,23,0,14.66,98,61.1,98,6.7,98,0.1,Very High,9465997,0.796,15.7
USA,2012,Developing,71,194,0,16.35,97,6.5,98,5.1,98,0.1,High,9464495,0.793,15.6
Belarus,2011,Developing,72,232,0,17.31,98,59.9,98,4.92,98,0.1,Medium,9473172,0.787,15.5
Belarus,2010,Developing,73,222,0,14.44,96,59.3,99,5.55,98,0.1,Medium,949583,0.78,15.5
Belarus,2009,Developing,70,226,0,14.09,98,58.7,98,6.9,96,0.1,Low,956765,0.771,15.4
UK,2008,Developing,70,224,1,14.67,98,58.2,98,5.95,97,0.1,Medium,9527985,0.755,15.1
Belarus,2007,Developing,69,226,1,14.22,91,57.7,9,6.44,95,0.1,High,956953,0.739,14.9
Belarus,2006,Developing,69,243,1,12.6,98,57.2,97,6.34,99,0.1,Medium,964924,0.723,14.6
Belarus,2005,Developing,68,252,1,11.01,99,56.7,98,6.89,99,0.1,Medium,9663915,0.713,14.4
Belarus,2004,Developing,68,247,1,12.05,99,56.2,99,6.59,99,0.1,Very High,973146,0.703,14.1
Belarus,2003,Developing,68,253,1,11.17,56,55.8,53,6.59,5,0.1,High,9796749,0.695,13.9
Russia,2002,Developing,67,262,1,12.23,99,55.3,99,6.47,99,0.1,Very High,9865548,0.687,13.6
Belarus,2001,Developing,68,254,1,10.74,93,54.9,99,6.62,99,0.1,Very High,9928549,0.681,13.3
Belarus,2000,Developing,68,247,1,12.98,7,54.4,99,6.13,99,0.1,Very High,997961,0.675,13.1
Belgium,2015,Developed,81,74,0,11.01,98,63.7,99,6.59,99,0.1,Low,11274196,0.895,16.6
Belgium,2014,Developed,89,76,0,12.6,98,63.4,99,1.59,99,0.1,High,112957,0.89,16.3
Belgium,2013,Developed,87,77,0,11.77,98,63.2,99,1.57,99,0.1,Very High,11182817,0.889,16.3
Belgium,2012,Developed,83,78,0,10.08,98,62.6,99,1.54,99,0.1,High,11128246,0.886,16.2
Belgium,2011,Developed,83,8,0,10.11,97,62.3,98,1.42,98,0.1,High,1147744,0.884,16.1
Singapur,2010,Developed,80,81,0,10.22,97,61.9,98,1.17,98,0.1,High,1895586,0.878,15.9
Belgium,2009,Developed,80,85,0,10.05,97,61.6,98,1.39,98,0.1,High,1796493,0.876,15.8
Belgium,2008,Developed,80,87,0,10.47,98,61.3,99,9.6,99,0.1,Low,179973,0.874,15.8
Belgium,2007,Developed,80,86,0,10.25,94,6.9,99,9.25,98,0.1,Very High,16257,0.871,15.8
Belgium,2006,Developed,79,85,0,10.98,94,6.6,99,9.17,98,0.1,Very High,1547958,0.865,15.7
Belgium,2005,Developed,79,89,0,12.27,77,6.2,97,9.24,97,0.1,Low,1478617,0.861,15.7
Singapur,2004,Developed,79,91,1,12.05,64,59.8,96,9.32,95,0.1,Very High,1421137,0.88,18.8
Belgium,2003,Developed,78,95,0,11.28,64,59.4,96,9.3,95,0.1,High,1376133,0.878,18.6
Belgium,2002,Developed,78,99,1,11.29,6,59.2,96,8.46,95,0.1,Very High,1332785,0.875,18.8
Belgium,2001,Developed,78,1,1,11.01,6,58.5,96,8.29,95,0.1,Medium,128657,0.873,18.2
Belgium,2000,Developed,78,11,1,11.21,6,58.1,96,8.12,95,0.1,High,125125,0.869,18
Belize,2015,Developing,71,175,0,10.98,94,5.9,94,9.3,94,0.2,Very High,359288,0.706,12.8
Germany,2014,Developing,70,177,0,6.58,95,5.1,95,5.79,95,0.2,Very High,351694,0.705,12.8
Belize,2013,Developing,70,18,0,6.56,95,49.3,95,5.79,95,0.2,Medium,344181,0.706,12.9
Belize,2012,Developing,70,189,0,6.66,98,48.5,98,5.45,98,0.1,Low,33671,0.702,12.5
Belize,2011,Developing,70,188,0,6.64,95,47.8,95,5.61,95,0.5,Low,329192,0.7,12.4
Belize,2010,Developing,70,186,0,6.76,96,47.1,96,5.85,96,0.2,Low,32168,0.7,12.4
Belize,2009,Developing,70,184,0,6.85,97,46.3,98,5.81,97,0.3,Medium,313929,0.7,12.7
Belize,2008,Developing,70,181,0,7.22,94,45.7,94,5.9,94,0.1,Very High,36165,0.699,12.8
Portugal,2007,Developing,70,181,0,7.24,96,45.1,97,4.76,96,0.6,High,29847,0.7,12.8
Belize,2006,Developing,69,184,0,6.48,98,44.4,98,4.4,98,0.6,Medium,29747,0.692,12.3
Belize,2005,Developing,69,191,0,6.25,96,43.8,96,4.45,96,0.8,High,283277,0.695,12.8
Belize,2004,Developing,68,197,0,6.2,97,43.2,97,4.39,97,0.8,Very High,27689,0.691,12.5
Belize,2003,Developing,68,21,0,5.67,96,42.6,95,4.53,96,1.5,Medium,26913,0.684,12.2
Belize,2002,Developing,69,199,0,4.99,97,42.2,93,4.38,89,0.1,Very High,26226,0.678,11.9
Belize,2001,Developing,68,21,0,4.9,96,41.4,96,4.5,96,0.4,Low,254984,0.677,11.8
France,2000,Developing,68,196,0,4.79,76,4.8,91,3.98,91,0.3,Very High,247315,0.668,11.7
Benin,2015,Developing,60,249,25,5.67,82,25.7,78,4.38,82,1.1,High,1575952,0.481,10.7
Benin,2014,Developing,60,252,25,0.01,78,25.2,74,4.59,78,1.1,Medium,1286712,0.475,10.7
Benin,2013,Developing,60,251,25,0.01,77,24.6,73,4.59,77,1.2,Very High,14451,0.466,10.3
Benin,2012,Developing,59,251,25,0.01,8,24.1,8,4.86,88,1.3,High,972916,0.458,10
Benin,2011,Developing,59,251,25,1.4,75,23.5,77,5.37,75,1.4,Medium,94682,0.454,9.8
Span,2010,Developing,59,254,25,1.33,76,23.3,77,4.95,76,1.4,Very High,9199259,0.451,9.5
Benin,2009,Developing,58,259,25,1.16,79,22.5,8,4.46,79,1.6,Very High,894476,0.448,9.3
Benin,2008,Developing,56,278,25,1.28,75,22.2,77,4.2,75,1.8,Very High,8696916,0.444,9.1
Benin,2007,Developing,57,283,25,1.12,82,21.5,82,4.55,82,2.2,High,8454791,0.438,8.9
Benin,2006,Developing,56,284,25,1.19,74,21.1,76,4.75,74,2.2,High,8216896,0.434,8.7
Benin,2005,Developing,73,285,25,1.13,7,2.5,73,4.73,77,2.1,Very High,7982225,0.43,8.5
Japan,2004,Developing,56,285,25,1.15,75,2.1,74,4.56,72,2.1,Very High,7754,0.423,8.1
Benin,2003,Developing,56,285,25,1.35,73,19.7,75,4.63,73,2.1,Medium,752555,0.416,7.7
Benin,2002,Developing,56,283,25,1.23,15,19.2,76,4.27,75,2.1,Medium,7295394,0.407,7.3
Benin,2001,Developing,56,281,25,1.29,79,18.8,77,4.69,76,2.1,Medium,776733,0.395,6.6
Benin,2000,Developing,55,279,25,1.34,75,18.4,78,4.34,78,2.2,Medium,6865951,0.389,6.4
Bhutan,2015,Developing,70,211,0,1.23,82,24.5,98,4.69,99,0.5,High,787386,0.604,12.5
Nepal,2014,Developing,69,216,0,0.01,99,23.6,98,3.57,99,0.5,Very High,776448,0.596,12.5
Bhutan,2013,Developing,69,219,0,0.01,97,22.7,97,3.83,97,0.6,Very High,764961,0.589,12.6
Bhutan,2012,Developing,69,223,0,0.01,97,21.9,97,3.7,97,0.6,Medium,752967,0.581,12.3
Bhutan,2011,Developing,68,225,0,0.23,95,21.1,95,4.73,95,0.5,High,7451,0.572,11.9
Bhutan,2010,Developing,68,228,1,0.28,91,2.3,92,5.17,91,0.5,Low,727641,0.407,11.4
Bhutan,2009,Developing,67,232,1,0.17,93,19.5,93,6.3,93,0.4,High,714458,0.395,10.9
Bhutan,2008,Developing,67,234,1,0.21,96,18.8,96,6.58,96,0.4,High,795,0.389,10.5
Bhutan,2007,Developing,67,238,1,0.16,95,18.1,93,5.88,95,0.3,Very High,686958,0.604,10.1
Malyasia,2006,Developing,66,245,1,0.29,95,17.4,96,5.27,95,0.3,High,672228,0.596,9.6
Bhutan,2005,Developing,65,254,1,0.73,95,16.7,95,5.28,95,0.3,Low,656639,0.589,9.2
Bhutan,2004,Developing,64,263,1,0.96,89,16.1,9,4.41,89,0.3,Very High,64282,0.581,8.8
Bhutan,2003,Developing,63,273,1,0.52,95,15.5,96,4.9,95,0.2,Very High,623434,0.572,8.4
Bhutan,2002,Developing,63,282,1,0.29,83,14.9,89,7.75,86,0.1,Very High,66399,0,8
Malyasia,2001,Developing,62,29,1,0.14,89,14.4,88,5.91,88,0.1,Medium,5896,0,7.6
Bhutan,2000,Developing,62,312,1,0.17,98,13.9,98,6.91,92,0.1,Medium,573416,0,7.3
Bolivia (Plurinational State of),2015,Developing,77,186,8,0.96,99,52.6,99,4.41,99,0.1,High,6865951,0.671,13.8
Bolivia (Plurinational State of),2014,Developing,74,189,8,3.62,98,51.9,99,6.33,98,0.1,Low,787386,0.666,13.8
Bolivia (Plurinational State of),2013,Developing,71,192,8,3.78,94,51.2,95,5.96,94,0.1,High,776448,0.661,13.8
Bolivia (Plurinational State of),2012,Developing,69,194,8,3.89,93,5.6,93,5.56,93,0.1,High,764961,0.655,13.8
India,2011,Developing,69,198,9,3.93,95,49.9,95,5.49,95,0.2,Medium,752967,0.649,13.8
Bolivia (Plurinational State of),2010,Developing,69,22,9,3.95,91,49.3,9,5.44,91,0.2,High,7451,0.643,13.8
Bolivia (Plurinational State of),2009,Developing,68,27,10,3.87,93,48.6,92,5.76,93,0.2,Low,727641,0.636,13.8
Bolivia (Plurinational State of),2008,Developing,67,211,10,3.77,88,48.2,87,5,88,0.2,Very High,714458,0.632,14
USA,2007,Developing,67,216,11,3.47,84,47.3,85,4.96,84,0.2,Medium,795,0.626,14.1
Bolivia (Plurinational State of),2006,Developing,66,219,11,3.23,83,46.7,82,5.19,83,0.2,Very High,686958,0.625,14.3
Bolivia (Plurinational State of),2005,Developing,66,222,12,2.86,85,46.3,84,5.67,85,0.2,High,672228,0.622,14.4
UK,2004,Developing,65,226,12,2.66,84,45.4,84,5.22,84,0.2,Low,656639,0.62,14.6
Bolivia (Plurinational State of),2003,Developing,65,23,13,2.37,8,44.7,82,5.3,88,0.2,Medium,64282,0.617,14.4
Bolivia (Plurinational State of),2002,Developing,64,234,14,2.26,77,44.2,76,6.53,77,0.1,Very High,623434,0.61,14
Bolivia (Plurinational State of),2001,Developing,63,238,14,2.2,77,43.3,71,6.31,71,0.1,Low,66399,0.607,13.7
Portugal,2000,Developing,63,243,15,2.32,77,42.6,74,5.67,75,0.1,Very High,5896,0.6,13.3
Bosnia and Herzegovina,2015,Developing,77,88,0,2.66,82,55.8,74,5.22,82,0.1,Medium,573416,0.747,14.2
Bosnia and Herzegovina,2014,Developing,77,89,0,4.03,89,55.3,86,9.57,86,0.1,Low,35662,0.742,14.2
Bosnia and Herzegovina,2013,Developing,77,9,0,4.12,91,54.7,87,9.46,89,0.1,Low,364999,0.735,14.2
Bosnia and Herzegovina,2012,Developing,77,92,0,4.61,92,54.2,87,9.94,92,0.1,Medium,36482,0.728,13.9
Bosnia and Herzegovina,2011,Developing,77,92,0,4.64,88,53.7,89,9.71,88,0.1,Very High,3688865,0.711,13.4
Bosnia and Herzegovina,2010,Developing,76,94,0,4.54,89,53.1,9,9.58,89,0.1,Very High,372284,0.717,13.3
Bosnia and Herzegovina,2009,Developing,76,97,0,4.75,9,52.6,9,9.64,99,0.1,Medium,3746561,0.716,13.3
Bosnia and Herzegovina,2008,Developing,76,98,0,5.13,88,52.1,92,8.58,91,0.1,Medium,3763599,0.71,13.1
Brazil,2007,Developing,75,16,0,5.16,94,51.5,95,8.37,95,0.1,Very High,3774,0.703,12.9
Bosnia and Herzegovina,2006,Developing,77,1,0,4.82,9,51.3,91,8.28,87,0.1,Very High,3779468,0.697,12.7
Bosnia and Herzegovina,2005,Developing,75,12,0,4.56,93,5.5,95,8.5,93,0.1,Low,378153,0,12.5
Bosnia and Herzegovina,2004,Developing,76,99,0,4.25,36,49.9,87,9.4,84,0.1,Very High,3781287,0,12.3
Japan,2003,Developing,75,12,0,4.14,95,49.4,87,7.94,87,0.1,High,3779247,0,12.1
Bosnia and Herzegovina,2002,Developing,75,11,0,3.84,95,48.8,86,7.1,88,0.1,Medium,377587,0,11.9
Bosnia and Herzegovina,2001,Developing,75,113,0,3.85,94,48.2,92,7.16,91,0.1,High,3771284,0,11.6
Bosnia and Herzegovina,2000,Developing,75,116,0,3.64,94,47.6,87,7.9,85,0.1,Medium,376676,0,0
Botswana,2015,Developing,66,256,2,4.56,93,37.9,96,8.28,95,2.2,Very High,229197,0.698,12.6
Botswana,2014,Developing,65,268,2,0.01,93,37.3,96,5.41,95,2.3,Medium,2168573,0.697,12.6
Botswana,2013,Developing,64,286,2,0.01,95,36.8,96,5.84,95,2.8,Very High,212857,0.693,12.6
Botswana,2012,Developing,63,3,2,0.01,95,36.2,96,6.27,95,4.4,High,289315,0.687,12.5
China,2011,Developing,62,325,2,5.76,95,35.7,96,5.25,95,5.5,High,251339,0.678,12.4
Botswana,2010,Developing,61,349,2,5.99,95,35.2,96,5.64,95,6.2,Very High,214866,0.669,12.3
Botswana,2009,Developing,59,393,2,5.01,94,34.7,96,6.39,96,6.9,Very High,1979882,0.661,12.2
Botswana,2008,Developing,58,427,2,6.56,94,34.2,96,5.55,96,12.7,Very High,1946351,0.646,12.1
China,2007,Developing,57,436,2,6.21,93,33.7,96,4.71,96,13.4,Low,1914414,0.63,12.1
Botswana,2006,Developing,55,491,2,6.45,93,33.2,96,4.93,96,14.4,Very High,1884238,0.61,11.9
Botswana,2005,Developing,52,566,2,6.37,92,32.7,96,5.62,96,20.6,Low,1855852,0.593,11.9
Botswana,2004,Developing,48,652,2,4.9,91,32.2,96,5.56,96,28.4,Low,182933,0.58,11.8
China,2003,Developing,47,693,2,5.51,9,31.6,96,4.65,96,31.9,Very High,184339,0.567,11.8
Botswana,2002,Developing,46,699,2,6.41,88,31.1,97,6.47,97,34.6,Medium,1779953,0.558,11.9
Botswana,2001,Developing,47,679,2,5.48,87,3.5,97,5.73,97,37.2,Low,1754935,0.56,11.8
Botswana,2000,Developing,48,647,2,5.37,86,29.9,97,4.64,97,38.8,Medium,172834,0.559,11.7
China,2015,Developing,75,142,42,6.41,96,56.1,98,6.47,96,0.1,Very High,2596218,0.754,15.2
Brazil,2014,Developing,75,144,44,7.32,96,55.3,96,8.32,93,0.1,Medium,24213133,0.747,15.2
Brazil,2013,Developing,75,146,46,7.24,96,54.5,96,8.48,97,0.1,Very High,2248632,0.734,14.2
Brazil,2012,Developing,75,148,49,7.55,96,53.6,96,8.26,95,0.1,Low,256983,0.73,14.2
Brazil,2011,Developing,74,152,51,7.58,98,52.8,98,8.9,99,0.1,Medium,1895586,0.724,14
Siberia,2010,Developing,74,154,54,7.52,96,52.2,99,8.27,99,0.1,High,1796493,0.716,13.8
Brazil,2009,Developing,73,157,57,7.33,99,51.1,99,8.65,99,0.1,Very High,179973,0.714,13.8
Brazil,2008,Developing,72,158,61,7.21,96,5.3,99,8.24,99,0.1,Very High,16257,0.704,13.3
Brazil,2007,Developing,73,159,65,7.19,99,49.4,99,8.28,99,0.1,Very High,1547958,0.7,13.5
Siberia,2006,Developing,73,161,70,7.1,99,48.6,99,8.36,99,0.1,Medium,1478617,0.698,13.8
Brazil,2005,Developing,73,163,75,6.97,98,47.8,99,8.27,99,0.1,High,1421137,0.694,13.8
Brazil,2004,Developing,72,17,81,6.85,96,46.9,99,7.7,99,0.1,Medium,1376133,0.695,14
Brazil,2003,Developing,72,172,88,6.95,97,46.1,99,6.94,99,0.1,Low,1332785,0.699,14.8
Brazil,2002,Developing,72,176,95,7,92,45.3,99,7.13,99,0.1,Low,128657,0.692,14.6
Brazil,2001,Developing,71,179,103,7.13,91,44.5,99,7.19,98,0.1,Very High,125125,0.685,14.3
Brazil,2000,Developing,75,183,111,7.26,94,43.7,99,7.3,98,0.1,Medium,359288,0.677,14.1
Finland,2015,Developing,78,78,0,6.85,99,41.2,99,7.7,99,0.1,High,351694,0.864,14.9
Brunei Darussalam,2014,Developing,78,8,0,0.01,99,4.2,99,2.65,99,0.1,Medium,344181,0.863,15
Brunei Darussalam,2013,Developing,77,84,0,0.01,98,39.2,99,2.61,99,0.1,High,752967,0.86,14.9
Brunei Darussalam,2012,Developing,78,79,0,0.01,99,38.2,99,2.3,99,0.1,Very High,7451,0.852,14.4
Morokko,2011,Developing,77,79,0,0.97,93,37.2,99,2.25,97,0.1,High,727641,0.846,14.1
Brunei Darussalam,2010,Developing,77,79,0,0.88,96,36.2,99,2.73,95,0.1,Very High,714458,0.845,14.2
Brunei Darussalam,2009,Developing,77,88,0,0.25,96,35.2,99,2.85,99,0.1,Medium,795,0.841,14.1
Brunei Darussalam,2008,Developing,77,84,0,0.67,96,34.2,97,2.23,98,0.1,Low,686958,0.84,14.2
Brunei Darussalam,2007,Developing,76,1,0,0.85,97,33.2,95,2.32,99,0.1,Low,672228,0.84,14.3
Germany,2006,Developing,76,93,0,0.67,99,32.2,94,2.24,97,0.1,High,656639,0.837,14.3
Brunei Darussalam,2005,Developing,76,92,0,0.16,99,31.2,93,2.62,94,0.1,Very High,64282,0.834,14.1
Brunei Darussalam,2004,Developing,76,89,0,0.11,99,3.1,92,3.1,92,0.1,Very High,623434,0.828,13.7
Brunei Darussalam,2003,Developing,76,89,0,0.12,99,29.1,99,3.9,92,0.1,High,66399,0.823,13.4
Brunei Darussalam,2002,Developing,75,95,0,0.13,99,22.8,99,3.4,94,0.1,High,5896,0.82,13.3
Brunei Darussalam,2001,Developing,75,19,0,0.47,99,25.7,99,3.6,97,0.1,Medium,573416,0.819,13.4
Netherland,2000,Developing,74,16,0,0.37,99,26.1,99,3.5,99,0.1,High,672228,0.818,13.4
Bulgaria,2015,Developed,75,137,0,0.11,92,65.7,91,3.4,91,0.1,Medium,7177991,0.792,15
Bulgaria,2014,Developed,74,138,1,12.03,95,65.1,88,8.44,88,0.1,High,7223938,0.787,14.8
Bulgaria,2013,Developed,74,14,1,12.06,95,64.5,95,7.93,95,0.1,Low,7265115,0.781,14.4
Bulgaria,2012,Developed,73,139,1,10.99,95,63.9,95,7.11,95,0.1,High,735888,0.778,14.3
Bulgaria,2011,Developed,73,144,1,10.67,96,63.3,95,6.88,95,0.1,Medium,7348328,0.775,14.2
Bulgaria,2010,Developed,73,147,1,10.8,95,62.7,94,7.24,94,0.1,Medium,7395599,0.77,13.9
Bulgaria,2009,Developed,73,152,1,10.93,96,62.1,94,6.78,94,0.1,Low,7444443,0.768,13.8
Bulgaria,2008,Developed,72,155,1,10.98,96,61.5,96,6.61,95,0.1,Medium,7492561,0.761,13.8
Ireland,2007,Developed,72,157,1,10.89,95,6.9,95,6.41,95,0.1,High,7545338,0.755,13.5
Bulgaria,2006,Developed,72,161,1,10.39,96,6.3,96,6.67,95,0.1,Very High,76122,0.75,13.5
Bulgaria,2005,Developed,72,16,1,10.48,96,59.7,97,7.8,96,0.1,Very High,7658972,0.745,13.5
Bulgaria,2004,Developed,72,157,1,10.96,94,59.1,94,7.9,95,0.1,Very High,771686,0.738,13.3
Bulgaria,2003,Developed,72,155,1,11.19,96,58.6,96,7.43,96,0.1,High,7775327,0.729,12.9
Ireland,2002,Developed,72,157,1,10.2,88,58.1,94,7.41,93,0.1,High,7837161,0.723,12.9
Bulgaria,2001,Developed,72,16,1,10.72,93,57.5,94,7.23,94,0.1,Very High,89142,0.713,12.9
Bulgaria,2000,Developed,71,163,1,9.69,94,55.7,94,6.7,93,0.1,Very High,817172,0.709,12.9
Burkina Faso,2015,Developing,60,26,38,10.96,91,19.4,91,7.43,91,0.6,High,1811624,0.399,7.7
Burkina Faso,2014,Developing,59,268,39,0.01,91,18.8,91,4.96,91,0.6,Low,17585977,0.398,7.7
Burkina Faso,2013,Developing,59,27,40,4.64,88,18.2,89,5.91,88,0.7,Very High,1772723,0.392,7.5
Burkina Faso,2012,Developing,59,271,41,4.75,9,17.7,9,5.33,99,0.8,Low,16571216,0.384,7.2
Burkina Faso,2011,Developing,58,275,42,4.51,91,17.1,9,5.17,91,0.9,Low,168194,0.377,6.7
Netherland,2010,Developing,58,279,43,4.55,91,16.6,9,7.17,91,1.1,Medium,1565217,0.365,6.3
Burkina Faso,2009,Developing,57,283,44,4.55,92,16.1,91,7.41,92,1.1,High,1514199,0.356,5.9
Burkina Faso,2008,Developing,56,288,45,4.5,93,15.6,92,6.77,93,1.5,Very High,14689726,0.345,5.4
Burkina Faso,2007,Developing,55,293,46,4.58,89,15.1,93,6.63,89,1.7,Very High,1425221,0.334,4.9
Burkina Faso,2006,Developing,54,32,47,4.73,76,14.6,94,6.58,86,2.2,High,13829177,0.325,4.7
Burkina Faso,2005,Developing,53,313,48,4.88,91,14.2,94,6.87,82,2.3,Very High,1342193,0,4.3
Burkina Faso,2004,Developing,52,323,49,4.54,91,13.7,83,6.45,79,2.5,Medium,133569,0,3.9
France,2003,Developing,52,332,49,4.58,92,13.3,83,5.61,79,2.9,Medium,12654621,0,3.8
Burkina Faso,2002,Developing,51,338,49,4.53,93,12.9,69,5.26,69,3.2,High,122931,0,3.6
Burkina Faso,2001,Developing,56,344,48,4.56,89,12.5,62,4.85,62,3.6,High,11944587,0,3.5
Burkina Faso,2000,Developing,51,348,48,3.71,76,12.2,45,5.6,45,4.4,Very High,1167942,0,3.4
Burundi,2015,Developing,60,288,21,4.1,94,18.7,94,5.5,94,0.7,Medium,119927,0.406,10.6
Burundi,2014,Developing,59,297,22,0.01,95,18.2,95,7.54,95,0.7,Medium,989179,0.404,10.6
Span,2013,Developing,58,33,22,0.01,96,17.6,96,8.3,96,1.1,Low,96186,0.398,10.5
Burundi,2012,Developing,58,312,22,0.01,96,17.1,96,8.21,96,1.2,Very High,931971,0.393,10.3
Burundi,2011,Developing,57,321,22,4.16,96,16.6,95,8.58,96,1.5,Very High,94358,0.385,9.9
Burundi,2010,Developing,57,33,23,4.16,96,16.1,94,8.82,96,1.9,Very High,876693,0.361,9.3
Burundi,2009,Developing,56,338,23,4.05,94,15.7,96,6.96,94,2.4,High,848931,0.336,8.6
Burundi,2008,Developing,55,35,23,4.33,92,15.2,89,7.86,92,2.9,Medium,8212264,0.319,7.9
Burundi,2007,Developing,54,355,24,4.54,99,14.8,93,1.3,99,3.4,Medium,7939573,0.309,7.2
Burundi,2006,Developing,54,361,24,4.5,92,14.5,88,11.49,92,3.8,Low,7675338,0.29,5.9
USA,2005,Developing,53,369,24,5.54,87,14.1,82,9.84,87,4.3,Medium,7423289,0.286,5.6
Burundi,2004,Developing,52,378,24,5.72,83,13.8,76,7.1,83,4.8,High,7182451,0.279,5.2
Burundi,2003,Developing,52,387,24,5.84,96,13.5,75,5.25,82,5.1,Medium,6953113,0.276,4.7
Burundi,2002,Developing,52,387,24,5.98,94,13.3,74,5.15,81,5.2,Medium,6741569,0.268,4.4
Burundi,2001,Developing,51,385,25,6.09,92,11.3,72,4.96,81,5.3,Very High,6555829,0.268,4.5
Burundi,2000,Developing,58,386,25,6.61,99,12.8,71,4.98,88,5.2,High,6476,0.268,4.5
Span,2015,Developing,73,114,0,5.84,92,31.3,93,9.84,93,0.2,Very High,1167942,0.646,13.5
Cabo Verde,2014,Developing,73,117,0,0.01,97,3.5,95,4.76,95,0.2,Medium,119927,0.643,13.5
Cabo Verde,2013,Developing,73,12,0,0.01,94,29.7,93,4.29,93,0.2,High,989179,0.643,13.6
Cabo Verde,2012,Developing,73,121,0,0.01,94,29,94,4.61,94,0.3,Very High,96186,0.636,13.2
Bhutan,2011,Developing,73,122,0,5.07,9,28.2,9,4.6,99,0.3,Very High,931971,0.632,13.1
Cabo Verde,2010,Developing,73,123,0,4.75,98,27.5,99,4.83,99,0.4,Medium,94358,0.627,12.7
Cabo Verde,2009,Developing,72,124,0,4.45,98,26.8,99,4.24,99,0.4,Low,876693,0.621,12.4
Cabo Verde,2008,Developing,72,124,0,4.16,98,26.2,99,3.96,99,0.4,Low,848931,0.615,12.2
Cabo Verde,2007,Developing,72,126,0,5.28,96,25.5,98,4.3,98,0.6,Low,8212264,0.602,11.9
Cabo Verde,2006,Developing,72,129,0,4.25,95,24.9,97,5.11,96,0.6,Medium,7939573,0.596,11.9
Cabo Verde,2005,Developing,72,134,0,4.26,93,24.3,95,4.86,95,0.8,Very High,7675338,0.582,11.2
Cabo Verde,2004,Developing,71,14,0,4.19,91,23.7,94,5.6,93,0.8,High,7423289,0.574,11.1
Cabo Verde,2003,Developing,71,144,0,4.16,66,23.2,93,5,92,0.9,Medium,7182451,0.572,11.3
Cabo Verde,2002,Developing,77,148,0,3.82,4,22.6,92,5.17,91,0.8,High,45216,0.569,11.3
Canada,2001,Developing,73,152,0,3.81,95,22.1,91,5.19,99,0.8,Very High,443716,0.562,11
Cabo Verde,2000,Developing,70,155,0,3.49,93,21.5,9,4.81,99,0.8,Medium,43579,0,11.3
Cambodia,2015,Developing,69,174,10,3.82,91,19.6,87,5.11,89,0.2,Very High,15517635,0.558,10.9
Cambodia,2014,Developing,68,179,11,0.01,88,18.9,87,5.68,88,0.2,Low,152779,0.553,10.9
Cambodia,2013,Developing,68,183,11,0.01,83,18.2,66,5.93,83,0.2,Very High,1522692,0.546,10.8
India,2012,Developing,76,186,12,0.01,86,17.6,84,6.24,86,0.3,High,14776866,0.54,10.7
Cambodia,2011,Developing,67,19,13,2.12,88,17,87,5.64,88,0.3,Medium,14537886,0.533,10.7
Cambodia,2010,Developing,67,192,14,2.2,89,16.4,88,5.95,89,0.5,Very High,143874,0.519,10.6
Cambodia,2009,Developing,66,195,15,2.13,92,15.9,95,6.36,94,0.6,High,14928,0.52,10.5
Cambodia,2008,Developing,66,199,16,2.24,91,15.3,91,5.55,91,0.7,Medium,138859,0.511,10.5
Cambodia,2007,Developing,65,24,16,2.08,82,14.8,82,3.75,82,0.9,Very High,13676693,0.495,10.3
Cambodia,2006,Developing,64,216,17,2.03,8,14.3,8,4.48,88,1.1,Very High,13474489,0.483,10.1
Cambodia,2005,Developing,63,234,18,1.99,86,13.9,82,5.84,82,1.4,Very High,132721,0.47,10
Cambodia,2004,Developing,62,253,19,1.38,88,13.5,86,6.43,85,1.7,High,1363377,0.458,9.7
Nepal,2003,Developing,63,268,21,1.44,89,13.1,69,6.74,69,1.9,High,12853124,0.445,9.3
Cambodia,2002,Developing,59,273,23,1.43,92,12.8,54,5.95,54,2.1,Very High,12634729,0.427,8.2
Cambodia,2001,Developing,58,273,25,1.71,91,12.4,59,5.7,66,2.2,Very High,1242473,0.412,7.6
Cambodia,2000,Developing,58,274,27,1.51,82,12.1,62,5.87,59,2.1,Medium,12152354,0.401,7.2
Cameroon,2015,Developing,57,357,45,2.24,84,29.2,83,5.84,84,3.5,Medium,22834522,0.514,10.4
Cameroon,2014,Developing,57,366,47,0.01,87,28.4,86,4.1,87,3.7,Medium,2223994,0.507,10.4
Cameroon,2013,Developing,56,364,48,0.01,89,27.8,88,4.29,89,4.4,Medium,21655715,0.501,10.4
Germany,2012,Developing,65,369,50,0.01,85,27.2,85,4.34,85,4.6,High,2182383,0.496,10.4
Cameroon,2011,Developing,56,371,51,6.19,82,26.6,8,3.96,82,4.9,Very High,252447,0.486,10
Cameroon,2010,Developing,55,37,53,6.15,84,22.6,83,5.28,84,5.5,Very High,1997495,0.48,9.7
Cameroon,2009,Developing,55,373,54,5.89,8,25.4,79,5.7,88,6.3,Medium,19432541,0.473,9.2
Cameroon,2008,Developing,54,382,56,5.9,84,24.9,82,5.18,84,6.7,High,18978,0.466,8.8
Cameroon,2007,Developing,54,395,57,5.44,82,24.4,81,4.76,82,7.7,Low,18395389,0.456,8
Cameroon,2006,Developing,53,394,58,5.22,81,23.8,78,4.69,81,7.2,High,17899562,0.456,8.2
Cameroon,2005,Developing,53,4,58,5.03,79,23.3,79,4.75,88,7.4,High,1742795,0.456,8.3
Cameroon,2004,Developing,52,412,59,4.71,89,22.8,72,4.73,73,7.5,Very High,1695981,0.455,8.2
Brazil,2003,Developing,52,412,60,4.64,85,22.3,72,4.97,73,7.7,High,16513822,0.452,8.1
Cameroon,2002,Developing,52,47,60,4.58,82,21.8,66,4.86,66,7.8,Low,1684886,0.452,8.4
Cameroon,2001,Developing,52,41,61,4.43,84,21.3,61,4.7,63,7.9,Very High,15671927,0.437,7.1
Cameroon,2000,Developing,51,394,62,3.91,8,2.9,57,4.48,62,7.7,Very High,15274234,0.433,6.9
Canada,2015,Developing,82,64,2,5.22,55,67.3,91,4.76,91,0.1,Very High,3584861,0.919,16.3
Canada,2014,Developing,82,65,2,8.1,55,66.4,91,1.45,91,0.1,Medium,35544564,0.912,15.9
Canada,2013,Developing,82,67,2,8.2,55,65.8,91,1.67,91,0.1,Low,35155451,0.909,15.9
Syria,2012,Developing,82,68,2,8.3,7,65.3,99,1.78,95,0.1,High,3475545,0.907,15.9
Canada,2011,Developing,82,68,2,8.2,7,64.7,87,1.82,87,0.1,Low,3434278,0.903,15.9
Canada,2010,Developing,81,7,2,8.4,56,64.1,88,11.2,89,0.1,High,345274,0.898,15.9
Canada,2009,Developing,81,72,2,8.4,42,63.6,89,11.17,91,0.1,High,33628571,0.898,15.9
Canada,2008,Developing,87,74,2,8.3,28,63.3,89,1.3,92,0.1,Medium,33245773,0.897,15.8
Canada,2007,Developing,85,74,2,8.3,14,62.5,9,9.83,94,0.1,High,32887928,0.894,15.8
Belzium,2006,Developing,85,75,2,8.2,14,61.9,95,9.75,95,0.1,Low,325755,0.891,15.8
Canada,2005,Developing,81,76,2,8,14,61.3,93,9.57,93,0.1,Very High,32312,0.886,15.8
Canada,2004,Developing,80,77,2,7.8,14,6.6,91,9.56,91,0.1,Medium,31995,0.881,15.8
Canada,2003,Developing,80,78,2,7.7,14,65.6,88,9.54,91,0.1,Very High,31676,0.877,15.8
Canada,2002,Developing,80,79,2,7.7,42,59.3,88,9.37,88,0.1,High,31362,0.872,15.8
Canada,2001,Developing,80,8,2,7.6,28,58.5,88,9.1,89,0.1,Low,31819,0.867,15.8
Canada,2000,Developing,80,82,2,7.6,14,57.8,88,8.67,89,0.1,Medium,37697,0.864,15.9
Central African Republic,2015,Developing,53,397,15,7.8,14,22.7,47,9.56,47,4.4,Very High,45461,0.347,7.1
Central African Republic,2014,Developing,58,437,15,0.01,47,22.1,47,4.2,47,4.5,Low,4515392,0.345,7.1
Central African Republic,2013,Developing,50,451,16,0.01,23,21.6,23,3.82,23,5.1,Very High,4499653,0.37,7.1
