ID,Title,Artist,Genre,Released,Tempo,Energy,Danceability,Intensity,Live Likelihood,Positiveness,Duration,Acoustic,Speech Focus,Popularity,Top Year,Artist Type
0,STARSTRUKK (feat. Katy Perry),3OH!3,dance pop,2009,140,81,61,-6,23,23,203,0,6,70,2010,Duo
1,My First Kiss (feat. Ke$ha),3OH!3,dance pop,2010,138,89,68,-4,36,83,192,1,8,68,2010,Duo
2,I Need A Dollar,Aloe Blacc,pop soul,2010,95,48,84,-7,9,96,243,20,3,72,2010,Solo
3,Airplanes (feat. Hayley Williams of Paramore),B.o.B,atl hip hop,2010,93,87,66,-4,4,38,180,11,12,80,2010,Solo
4,Nothin' on You (feat. Bruno Mars),B.o.B,atl hip hop,2010,104,85,69,-6,9,74,268,39,5,79,2010,Solo
5,Magic (feat. Rivers Cuomo),B.o.B,atl hip hop,2010,82,93,55,-4,35,79,196,1,34,71,2010,Solo
6,The Time (Dirty Bit),Black Eyed Peas,dance pop,2010,128,81,82,-8,60,44,308,7,7,75,2010,Band/Group
7,Imma Be,Black Eyed Peas,dance pop,2009,92,52,60,-7,31,41,258,18,37,71,2010,Band/Group
8,Talking to the Moon,Bruno Mars,dance pop,2010,146,59,50,-5,11,8,218,51,3,87,2010,Solo
9,Just the Way You Are,Bruno Mars,dance pop,2010,109,84,64,-5,6,42,221,1,4,86,2010,Solo
10,Teach Me How to Dougie,Cali Swag District,pop rap,2011,85,44,85,-5,9,51,237,20,14,71,2010,Band/Group
11,Forget You,CeeLo Green,atl hip hop,2010,127,88,70,-4,16,77,223,13,6,69,2010,Solo
12,Deuces (feat. Tyga & Kevin McCall),Chris Brown,dance pop,2011,74,74,69,-5,8,22,277,3,11,74,2010,Solo
13,Memories (feat. Kid Cudi),David Guetta,big room,2009,130,87,56,-6,25,50,210,0,34,74,2010,Solo
14,Gettin' Over You (feat. Fergie & LMFAO),David Guetta,big room,2009,130,91,62,-5,8,45,188,18,8,55,2010,Solo
15,"All I Do Is Win (feat. T-Pain, Ludacris, Snoop Dogg & Rick Ross)",DJ Khaled,dance pop,2010,150,78,54,-4,16,28,233,1,19,55,2010,Solo
16,Over,Drake,canadian hip hop,2010,100,85,35,-6,12,45,234,1,20,72,2010,Solo
17,Find Your Love,Drake,canadian hip hop,2010,96,61,63,-6,3,76,209,2,17,70,2010,Solo
18,Barbra Streisand (Radio Edit),Duck Sauce,disco house,2010,128,93,76,-2,22,46,195,0,10,61,2010,Duo
19,Stereo Love - Radio Edit,Edward Maya,romanian house,2010,127,78,80,-4,8,59,185,3,3,71,2010,Solo
20,Pack Up,Eliza Doolittle,lilith,2010,133,81,67,-6,21,87,191,30,8,46,2010,Solo
21,Starry Eyed,Ellie Goulding,dance pop,2010,150,81,50,-5,32,60,177,14,4,59,2010,Solo
22,Love The Way You Lie,Eminem,detroit hip hop,2010,87,93,75,-5,52,64,263,24,23,87,2010,Solo
23,Not Afraid,Eminem,detroit hip hop,2010,115,95,86,-1,21,67,248,53,26,85,2010,Solo
24,I Like It,Enrique Iglesias,dance pop,2010,129,94,65,-3,7,70,232,2,8,71,2010,Solo
25,Kickstarts,Example,dance pop,2010,126,84,61,-4,36,66,182,0,6,69,2010,Solo
26,Like A G6,Far East Movement,asian american hip hop,2010,125,84,44,-8,12,78,217,1,45,75,2010,Band/Group
27,Club Can't Handle Me (feat. David Guetta),Flo Rida,dance pop,2010,128,87,62,-4,6,47,235,3,3,81,2010,Solo
28,Hot - Malibu Breeze Radio Edit,INNA,dance pop,2010,128,71,81,-8,26,51,224,6,14,43,2010,Solo
29,Replay,Iyaz,dance pop,2009,91,75,71,-6,17,20,182,17,7,78,2010,Solo
30,Whatcha Say,Jason Derulo,dance pop,2010,144,71,62,-6,14,71,221,4,8,72,2010,Solo
31,Ridin' Solo,Jason Derulo,dance pop,2010,89,83,44,-4,13,58,216,13,15,70,2010,Solo
32,In My Head,Jason Derulo,dance pop,2010,110,75,76,-4,35,85,199,3,3,67,2010,Solo
33,Down,Jay Sean,dance pop,2009,132,68,73,-4,8,73,213,1,3,83,2010,Solo
34,Do You Remember,Jay Sean,dance pop,2009,126,67,85,-5,10,82,211,2,7,74,2010,Solo
35,Young Forever,JAY-Z,east coast hip hop,2009,140,69,64,-3,21,10,254,42,7,71,2010,Solo
36,Heartbreak Warfare,John Mayer,neo mellow,2009,97,55,62,-8,30,31,270,19,2,69,2010,Solo
37,Half of My Heart,John Mayer,neo mellow,2009,115,59,68,-9,11,73,250,44,3,68,2010,Solo
38,Baby,Justin Bieber,canadian pop,2010,65,86,73,-5,11,54,214,4,14,86,2010,Solo
39,California Gurls,Katy Perry,dance pop,2012,125,75,79,-4,16,43,235,0,6,78,2010,Solo
40,Teenage Dream,Katy Perry,dance pop,2010,120,80,72,-5,13,59,228,2,4,76,2010,Solo
41,Commander,Kelly Rowland,atl hip hop,2011,125,88,40,-4,36,57,218,2,14,54,2010,Solo
42,TiK ToK,Kesha,dance pop,2010,120,84,76,-3,29,71,200,10,14,86,2010,Solo
43,Your Love Is My Drug,Kesha,dance pop,2010,120,61,83,-4,9,76,187,1,10,75,2010,Solo
44,Take It Off,Kesha,dance pop,2010,125,68,73,-5,9,74,215,0,3,74,2010,Solo
45,Blah Blah Blah (feat. 3OH!3),Kesha,dance pop,2010,120,84,75,-3,42,52,172,8,12,67,2010,Solo
46,Wavin' Flag,K'NAAN,reggae fusion,2009,76,70,63,-6,24,72,221,13,7,63,2010,Solo
47,Live Like We're Dying,Kris Allen,idol,2009,92,89,59,-3,34,94,213,3,4,57,2010,Solo
48,Bad Romance,Lady Gaga,art pop,2009,119,92,70,-4,8,71,295,0,4,86,2010,Solo
49,Telephone,Lady Gaga,art pop,2009,122,84,82,-6,11,72,221,1,4,75,2010,Solo
50,Alejandro,Lady Gaga,art pop,2009,99,79,62,-7,38,36,274,0,5,72,2010,Solo
51,Right Above It,Lil Wayne,hip hop,2010,76,84,38,-4,58,46,272,4,36,74,2010,Solo
52,My Chick Bad,Ludacris,atl hip hop,2010,85,72,62,-7,48,76,217,17,38,73,2010,Solo
53,How Low,Ludacris,atl hip hop,2010,144,50,79,-7,22,42,202,0,5,68,2010,Solo
54,Misery,Maroon 5,pop,2010,103,81,70,-5,22,73,216,0,4,70,2010,Band/Group
55,When We Collide,Matt Cardle,talent show,2011,82,68,44,-6,31,45,226,2,3,52,2010,Solo
56,Cooler Than Me - Single Mix,Mike Posner,dance pop,2010,130,82,77,-5,69,63,213,18,5,81,2010,Solo
57,Can't Be Tamed,Miley Cyrus,dance pop,2010,117,91,63,-3,20,74,168,3,14,69,2010,Solo
58,Animal,Neon Trees,modern alternative rock,2010,148,83,48,-6,37,74,212,0,4,76,2010,Band/Group
59,Fireflies,Owl City,indietronica,2009,180,66,51,-7,12,47,228,3,4,84,2010,Band/Group
60,She Said,Plan B,grime,2010,147,54,72,-6,16,83,211,30,14,39,2010,Duo
61,Only Girl (In The World),Rihanna,barbadian pop,2010,126,71,79,-4,6,64,235,11,4,82,2010,Solo
62,Rude Boy,Rihanna,barbadian pop,2009,174,75,56,-4,8,81,223,11,13,80,2010,Solo
63,What's My Name?,Rihanna,barbadian pop,2010,100,78,69,-3,8,56,263,18,7,75,2010,Solo
64,Man Down,Rihanna,barbadian pop,2010,156,91,48,-4,5,54,267,4,19,65,2010,Solo
65,Hard,Rihanna,barbadian pop,2009,182,75,31,-4,65,16,251,1,11,60,2010,Solo
66,Dancing On My Own - Radio Edit,Robyn,art pop,2010,117,93,57,-6,13,22,278,0,3,65,2010,Solo
67,King of Anything,Sara Bareilles,acoustic pop,2010,119,76,68,-4,6,81,207,46,4,66,2010,Solo
68,This Ain't a Love Song,Scouting For Girls,dance pop,2017,177,91,46,-4,38,55,211,0,5,58,2010,Band/Group
69,Eenie Meenie,Sean Kingston,dance pop,2020,121,64,73,-3,10,84,202,3,3,72,2010,Solo
70,Riverside,Sidney Samson,dutch house,2009,126,98,80,-2,13,29,321,0,5,42,2010,Solo
71,Alors on danse - Radio Edit,Stromae,belgian pop,2010,120,59,79,-9,7,71,206,10,8,83,2010,Solo
72,Stuck Like Glue,Sugarland,contemporary country,2010,84,80,70,-5,5,84,248,33,6,73,2010,Duo
73,One - Radio Edit,Swedish House Mafia,dance pop,2010,125,78,80,-7,15,62,170,1,4,62,2010,Band/Group
74,Miami 2 Ibiza - Swedish House Mafia vs. Tinie Tempah,Swedish House Mafia,dance pop,2010,125,93,74,-6,40,66,206,0,7,52,2010,Band/Group
75,Dynamite,Taio Cruz,dance pop,2010,120,78,75,-4,4,82,203,0,9,85,2010,Solo
76,Break Your Heart,Taio Cruz,dance pop,2010,122,93,61,-4,9,57,202,3,3,79,2010,Solo
77,The Flood,Take That,boy band,2010,101,83,51,-6,12,14,289,4,4,63,2010,Band/Group
78,Back To December,Taylor Swift,pop,2010,142,67,53,-5,33,29,293,12,3,71,2010,Solo
79,Mine,Taylor Swift,pop,2010,121,76,62,-3,19,66,231,0,3,70,2010,Solo
80,Today Was A Fairytale,Taylor Swift,pop,2011,158,70,49,-4,17,34,242,3,3,56,2010,Solo
81,If I Die Young,The Band Perry,contemporary country,2010,131,50,61,-7,28,36,223,35,3,74,2010,Band/Group
82,For the First Time,The Script,celtic rock,2011,174,63,40,-5,18,36,253,3,3,66,2010,Band/Group
83,All Time Low,The Wanted,boy band,2010,134,62,69,-5,8,79,205,35,5,63,2010,Band/Group
84,Seek Bromance (Avicii Vocal Edit),Tim Berg,edm,2010,126,81,49,-3,9,55,201,9,4,55,2010,Solo
85,Carry Out (Featuring Justin Timberlake),Timbaland,dance pop,2009,116,57,53,-7,26,27,232,11,11,74,2010,Solo
86,If We Ever Meet Again (Featuring Katy Perry),Timbaland,dance pop,2009,126,61,65,-7,6,39,293,0,4,74,2010,Solo
87,Pass Out,Tinie Tempah,dance pop,2010,91,89,69,-3,14,53,268,3,30,51,2010,Solo
88,Written in the Stars (feat. Eric Turner),Tinie Tempah,dance pop,2010,123,97,62,-3,20,30,208,5,13,51,2010,Solo
89,"Hey, Soul Sister",Train,dance pop,2010,97,89,67,-4,8,80,217,19,4,87,2010,Band/Group
90,Billionaire (feat. Bruno Mars),Travie McCoy,dance pop,2010,87,67,63,-6,21,66,211,30,26,77,2010,Solo
91,Bottoms Up (feat. Nicki Minaj),Trey Songz,dance pop,2010,74,60,84,-5,39,33,242,2,16,78,2010,Solo
92,Say Aah (feat. Fabolous),Trey Songz,dance pop,2009,93,87,72,-4,83,81,208,0,11,68,2010,Solo
93,What You Know,Two Door Cinema Club,indie rock,2010,139,74,56,-4,8,78,192,0,4,76,2010,Band/Group
94,DJ Got Us Fallin' In Love (feat. Pitbull),Usher,atl hip hop,2010,120,86,66,-3,8,65,221,3,11,84,2010,Solo
95,OMG (feat. will.i.am),Usher,atl hip hop,2010,130,75,78,-6,36,33,269,20,3,78,2010,Solo
96,Hey Daddy (Daddy's Home),Usher,atl hip hop,2010,96,70,59,-4,11,35,224,0,3,65,2010,Solo
97,No Hands (feat. Roscoe Dash & Wale),Waka Flocka Flame,atl hip hop,2010,131,60,76,-6,24,36,264,1,4,63,2010,Solo
98,We No Speak Americano (Edit),Yolanda Be Cool,australian dance,2020,125,81,90,-5,9,75,157,7,5,65,2010,Duo
99,BedRock,Young Money,dance pop,2009,148,66,73,-6,19,56,288,10,30,76,2010,Band/Group
100,Rolling in the Deep,Adele,british soul,2011,105,77,73,-5,5,51,228,14,3,84,2011,Solo
101,Set Fire to the Rain,Adele,british soul,2011,108,67,60,-4,11,45,243,0,2,81,2011,Solo
102,Mr. Saxobeat,Alexandra Stan,dance pop,2011,127,93,72,-4,14,78,195,3,5,69,2011,Solo
103,What the Hell,Avril Lavigne,canadian pop,2011,150,93,58,-4,14,88,221,0,5,80,2011,Solo
104,Lighters,Bad Meets Evil,detroit hip hop,2011,90,70,68,-8,12,14,304,35,25,74,2011,Duo
105,Love On Top,Beyoncé,dance pop,2011,94,75,65,-5,60,65,267,8,9,79,2011,Solo
106,Best Thing I Never Had,Beyoncé,dance pop,2011,99,65,55,-4,9,30,254,14,3,74,2011,Solo
107,Skinny Love,Birdy,pop,2011,166,29,38,-8,12,17,201,95,5,77,2011,Solo
108,Just Can’t Get Enough,Black Eyed Peas,dance pop,2010,94,63,66,-9,11,26,219,19,18,81,2011,Band/Group
109,Honey Bee,Blake Shelton,contemporary country,2011,206,85,48,-5,12,72,211,0,4,69,2011,Solo
110,Holocene,Bon Iver,eau claire indie,2011,148,30,37,-15,13,15,337,94,3,70,2011,Band/Group
111,I Wanna Go,Britney Spears,dance pop,2011,130,55,70,-7,33,79,210,0,4,71,2011,Solo
112,Till the World Ends,Britney Spears,dance pop,2011,132,71,69,-6,20,45,238,2,7,71,2011,Solo
113,Grenade,Bruno Mars,dance pop,2010,110,56,70,-7,11,25,222,15,5,82,2011,Solo
114,Marry You,Bruno Mars,dance pop,2010,145,82,62,-5,10,45,230,33,4,79,2011,Solo
115,The Lazy Song,Bruno Mars,dance pop,2010,175,71,79,-5,10,96,189,30,7,77,2011,Solo
116,Bounce (feat. Kelis) - Radio Edit,Calvin Harris,dance pop,2012,128,96,78,-2,66,76,222,3,4,67,2011,Solo
117,Blind Faith,Chase & Status,dancefloor dnb,2011,140,85,45,-5,23,40,234,1,5,66,2011,Duo
118,Champion (feat. Chris Brown),Chip,grime,2011,190,93,42,-3,14,52,237,8,24,54,2011,Solo
119,Look At Me Now (feat. Lil' Wayne & Busta Rhymes),Chris Brown,dance pop,2011,146,68,77,-6,14,54,223,3,18,77,2011,Solo
120,Yeah 3x,Chris Brown,dance pop,2011,130,88,71,-3,9,70,242,0,4,74,2011,Solo
121,Beautiful People,Chris Brown,dance pop,2019,128,78,42,-6,8,54,226,7,16,59,2011,Solo
122,Jar of Hearts,Christina Perri,dance pop,2011,75,35,35,-6,12,9,247,73,3,77,2011,Solo
123,You Make Me Feel... (feat. Sabi),Cobra Starship,dance pop,2011,132,86,67,-3,4,75,216,2,5,75,2011,Band/Group
124,Paradise,Coldplay,permanent wave,2011,140,59,45,-7,8,21,279,5,3,88,2011,Band/Group
125,Every Teardrop Is a Waterfall,Coldplay,permanent wave,2011,118,73,43,-7,17,33,241,0,4,75,2011,Band/Group
126,Where Them Girls At (feat. Nicki Minaj & Flo Rida),David Guetta,big room,2011,130,87,66,-3,23,56,210,3,4,69,2011,Solo
127,Who's That Chick? (feat. Rihanna),David Guetta,big room,2010,128,60,68,-5,5,93,201,0,12,66,2011,Solo
128,Coming Home,Diddy - Dirty Money,hip pop,2010,168,84,39,-2,30,23,239,16,19,74,2011,Duo
129,Louder,DJ Fresh,dancefloor dnb,2012,140,93,39,-1,35,48,207,2,5,40,2011,Solo
130,I'm On One,DJ Khaled,dance pop,2011,149,81,41,-3,63,44,296,5,32,75,2011,Solo
131,I Need A Doctor,Dr. Dre,g funk,2011,156,95,59,-5,31,40,284,9,45,77,2011,Solo
132,Headlines,Drake,canadian hip hop,2011,152,57,64,-7,9,43,236,37,11,80,2011,Solo
133,The A Team,Ed Sheeran,pop,2011,85,29,64,-10,18,41,258,67,4,80,2011,Solo
134,Lego House,Ed Sheeran,pop,2011,160,64,59,-8,13,56,185,56,10,77,2011,Solo
135,Stereo Love - Radio Edit,Edward Maya,romanian house,2010,127,78,80,-4,8,59,185,3,3,71,2011,Solo
136,Tonight (I'm Fuckin' You),Enrique Iglesias,dance pop,2010,126,88,67,-5,14,27,232,3,4,65,2011,Solo
137,Springsteen,Eric Church,contemporary country,2011,104,81,69,-6,19,93,263,10,3,77,2011,Solo
138,Changed the Way You Kiss Me - Radio Edit,Example,dance pop,2011,127,86,58,-4,9,19,195,1,4,69,2011,Solo
139,Rocketeer,Far East Movement,asian american hip hop,2010,96,85,66,-6,27,36,211,18,5,73,2011,Band/Group
140,Shake It Out,Florence + The Machine,baroque pop,2011,107,80,53,-4,11,22,278,1,4,68,2011,Band/Group
141,Pumped Up Kicks,Foster The People,indietronica,2011,128,71,73,-6,10,97,240,14,3,88,2011,Band/Group
142,Tongue Tied,Grouplove,indie pop,2011,113,94,56,-6,16,37,218,1,4,84,2011,Band/Group
143,Stereo Hearts (feat. Adam Levine),Gym Class Heroes,dance pop,2011,90,80,65,-3,27,80,211,3,10,87,2011,Band/Group
144,Tonight Tonight,Hot Chelle Rae,dance pop,2011,100,78,69,-5,16,81,200,8,12,79,2011,Band/Group
145,Dirt Road Anthem,Jason Aldean,contemporary country,2010,127,74,68,-5,12,64,229,35,4,77,2011,Solo
146,It Girl,Jason Derulo,dance pop,2011,92,72,67,-5,10,35,192,2,6,76,2011,Solo
147,Don't Wanna Go Home,Jason Derulo,dance pop,2011,122,81,67,-5,13,64,206,2,7,68,2011,Solo
148,On The Floor,Jennifer Lopez,dance pop,2011,130,78,73,-5,7,57,285,11,5,84,2011,Solo
149,Down On Me,Jeremih,chicago rap,2010,160,60,70,-8,11,59,228,4,11,77,2011,Solo
150,Do It Like A Dude,Jessie J,dance pop,2011,140,84,66,-4,36,38,195,5,5,53,2011,Solo
151,All Of The Lights,Kanye West,chicago rap,2010,142,80,53,-3,18,22,300,8,7,82,2011,Solo
152,Last Friday Night (T.G.I.F.),Katy Perry,dance pop,2012,126,82,65,-4,67,77,231,0,4,80,2011,Solo
153,Firework,Katy Perry,dance pop,2010,124,83,64,-5,11,65,228,14,5,72,2011,Solo
154,E.T.,Katy Perry,dance pop,2012,152,87,62,-5,37,76,230,2,18,71,2011,Solo
155,Motivation,Kelly Rowland,atl hip hop,2011,141,67,74,-6,11,27,231,19,4,70,2011,Solo
156,Pretty Girl Rock,Keri Hilson,dance pop,2010,160,87,67,-5,9,90,244,20,25,72,2011,Solo
157,We R Who We R,Kesha,dance pop,2010,120,82,74,-5,12,65,205,1,4,77,2011,Solo
158,Blow,Kesha,dance pop,2010,120,73,75,-4,7,81,220,0,4,75,2011,Solo
159,Earthquake (feat. Tinie Tempah),Labrinth,indie poptimism,2012,153,86,54,-4,28,26,275,11,10,68,2011,Solo
160,Just A Kiss,Lady A,contemporary country,2011,143,64,59,-6,10,33,219,45,3,69,2011,Band/Group
161,Born This Way,Lady Gaga,art pop,2011,124,83,59,-5,33,49,260,0,16,73,2011,Solo
162,The Edge Of Glory,Lady Gaga,art pop,2011,128,77,58,-7,11,36,321,0,4,68,2011,Solo
163,6 Foot 7 Foot,Lil Wayne,hip hop,2011,79,75,37,-5,32,60,249,0,30,77,2011,Solo
164,How To Love,Lil Wayne,hip hop,2011,154,66,64,-6,11,27,240,0,4,72,2011,Solo
165,Party Rock Anthem,LMFAO,dance pop,2011,130,73,75,-4,27,36,262,2,14,74,2011,Duo
166,Sexy And I Know It,LMFAO,dance pop,2011,130,86,71,-4,19,80,199,10,32,68,2011,Duo
167,The Show Goes On,Lupe Fiasco,chicago rap,2011,143,89,59,-4,16,65,240,2,12,76,2011,Solo
168,I Follow Rivers - The Magician Remix,Lykke Li,art pop,2021,122,70,79,-6,8,30,280,2,4,67,2011,Solo
169,Midnight City,M83,french shoegaze,2011,105,71,53,-7,18,32,241,2,4,76,2011,Duo
170,Donald Trump,Mac Miller,hip hop,2011,163,90,64,-7,39,84,166,12,12,67,2011,Solo
171,Buzzin Remix,Mann,pop rap,2011,104,94,69,-4,28,54,224,9,15,53,2011,Solo
172,"Moves Like Jagger - Studio Recording From ""The Voice"" Performance",Maroon 5,pop,2010,128,76,72,-4,31,62,201,1,5,75,2011,Band/Group
173,Sure Thing,Miguel,dance pop,2010,81,61,68,-8,19,50,195,3,10,84,2011,Solo
174,When We Stand Together,Nickelback,alternative metal,2011,188,90,45,-4,4,88,191,0,5,71,2011,Band/Group
175,Super Bass,Nicki Minaj,dance pop,2010,127,86,72,-4,60,67,200,27,20,83,2011,Solo
176,L.I.F.E.G.O.E.S.O.N.,Noah And The Whale,indie folk,2011,82,75,60,-6,35,61,228,21,4,63,2011,Band/Group
177,Heart Skips a Beat (feat. Rizzle Kicks),Olly Murs,dance pop,2011,111,88,84,-4,8,88,202,14,6,66,2011,Solo
178,Good Life,OneRepublic,dance pop,2009,95,69,63,-8,13,65,253,8,5,78,2011,Band/Group
179,Raise Your Glass,P!nk,dance pop,2010,122,71,70,-5,3,62,203,0,8,81,2011,Solo
180,"Give Me Everything (feat. Ne-Yo, Afrojack & Nayer)",Pitbull,dance pop,2011,129,94,67,-3,30,53,252,19,16,86,2011,Solo
181,Hey Baby (Drop It to the Floor) (feat. T-Pain),Pitbull,dance pop,2011,128,91,60,-3,26,76,234,4,9,76,2011,Solo
182,Read All About It,Professor Green,grime,2021,101,75,66,-6,22,45,236,34,4,35,2011,Solo
183,The Adventures of Rain Dance Maggie,Red Hot Chili Peppers,alternative rock,2011,106,73,68,-5,26,58,282,0,3,71,2011,Band/Group
184,S&M,Rihanna,barbadian pop,2010,128,68,77,-5,9,84,244,1,4,82,2011,Solo
185,We Found Love,Rihanna,barbadian pop,2011,128,77,74,-4,11,60,215,3,4,80,2011,Solo
186,What's My Name?,Rihanna,barbadian pop,2010,100,78,69,-3,8,56,263,18,7,75,2011,Solo
187,Down With The Trumpets,Rizzle Kicks,uk hip hop,2011,115,88,75,-5,24,79,187,9,8,65,2011,Duo
188,Loca People - Radio Edit,Sak Noel,electro house,2011,128,81,93,-3,5,70,216,0,6,45,2011,Solo
189,Love You Like A Love Song,Selena Gomez & The Scene,dance pop,2011,117,68,86,-4,7,92,188,8,5,85,2011,Band/Group
190,Who Says,Selena Gomez & The Scene,dance pop,2011,101,93,68,-3,15,74,196,8,5,81,2011,Band/Group
191,Sweat - Remix,Snoop Dogg,g funk,2011,130,73,81,-6,8,73,196,6,3,73,2011,Solo
192,Save The World,Swedish House Mafia,dance pop,2011,127,67,51,-8,8,40,213,1,5,70,2011,Band/Group
193,Higher,Taio Cruz,dance pop,2011,128,92,67,-5,13,70,188,0,8,51,2011,Solo
194,If I Die Young,The Band Perry,contemporary country,2010,131,50,61,-7,28,36,223,35,3,74,2011,Band/Group
195,Glad You Came,The Wanted,boy band,2011,127,85,72,-4,11,45,198,3,6,83,2011,Band/Group
196,More - RedOne Jimmy Joker Remix,Usher,atl hip hop,2010,125,89,55,-3,35,79,220,0,5,72,2011,Solo
197,No Hands (feat. Roscoe Dash & Wale),Waka Flocka Flame,atl hip hop,2010,131,60,76,-6,24,36,264,1,4,81,2011,Solo
198,Black and Yellow,Wiz Khalifa,dance pop,2011,164,83,68,-5,27,54,218,6,7,80,2011,Solo
199,Roll Up,Wiz Khalifa,dance pop,2011,125,81,52,-5,9,60,228,5,19,68,2011,Solo
200,Skyfall,Adele,british soul,2012,76,55,35,-7,11,8,286,42,3,80,2012,Solo
201,Rumour Has It,Adele,british soul,2011,120,75,61,-5,17,57,223,62,4,72,2012,Solo
202,Years,Alesso,dance pop,2013,128,82,37,-6,17,32,195,0,8,53,2012,Solo
203,Too Close,Alex Clare,modern alternative rock,2011,126,71,58,-4,11,29,257,1,4,67,2012,Solo
204,Breezeblocks,alt-J,indie rock,2012,150,66,62,-7,21,29,227,10,3,77,2012,Band/Group
205,R U Mine?,Arctic Monkeys,garage rock,2012,97,79,52,-5,70,68,200,5,3,39,2012,Band/Group
206,One Day / Reckoning Song (Wankelmut Remix) - Radio Edit,Asaf Avidan,israeli pop,2012,119,67,83,-6,17,53,215,22,6,72,2012,Solo
207,Levels - Radio Edit,Avicii,dance pop,2011,126,89,58,-6,31,46,200,5,3,82,2012,Solo
208,Silhouettes - Original Radio Edit,Avicii,dance pop,2012,128,80,61,-6,12,84,212,16,5,68,2012,Solo
209,212,Azealia Banks,dance pop,2014,126,77,85,-6,8,62,205,1,26,73,2012,Solo
210,So Good,B.o.B,atl hip hop,2012,86,90,66,-5,22,59,213,4,14,70,2012,Solo
211,Locked out of Heaven,Bruno Mars,dance pop,2012,144,70,73,-4,31,87,233,5,4,91,2012,Solo
212,It Will Rain,Bruno Mars,dance pop,2011,150,84,58,-7,8,48,258,34,5,74,2012,Solo
213,Feel So Close - Radio Edit,Calvin Harris,dance pop,2012,128,92,71,-3,20,92,206,0,3,85,2012,Solo
214,Let's Go (feat. Ne-Yo),Calvin Harris,dance pop,2012,128,88,71,-3,29,88,233,1,6,71,2012,Solo
215,We'll Be Coming Back (feat. Example),Calvin Harris,dance pop,2012,128,95,60,-4,60,57,234,0,9,68,2012,Solo
216,Call Me Maybe,Carly Rae Jepsen,canadian pop,2012,120,58,78,-7,11,66,193,1,4,76,2012,Solo
217,Blown Away,Carrie Underwood,contemporary country,2012,137,84,53,-3,3,39,240,9,4,68,2012,Solo
218,Want U Back,Cher Lloyd,dance pop,2012,98,89,69,-3,56,56,215,6,9,71,2012,Solo
219,Turn Up the Music,Chris Brown,dance pop,2012,130,84,59,-6,16,64,228,0,10,69,2012,Solo
220,Paradise,Coldplay,permanent wave,2011,140,59,45,-7,8,21,279,5,3,88,2012,Band/Group
221,Princess of China,Coldplay,permanent wave,2011,85,69,42,-6,29,24,239,0,3,72,2012,Band/Group
222,Turn Me On (feat. Nicki Minaj),David Guetta,big room,2011,128,79,71,-2,57,41,200,5,6,64,2012,Solo
223,In The Dark,DEV,dance pop,2012,125,82,74,-4,33,44,226,0,7,62,2012,Solo
224,Latch,Disclosure,edm,2013,122,74,73,-5,9,54,256,2,9,75,2012,Duo
225,Hot Right Now - Edit,DJ Fresh,dancefloor dnb,2010,175,96,51,-2,12,39,179,1,4,41,2012,Solo
226,Take Care,Drake,canadian hip hop,2011,122,52,63,-10,9,30,277,3,27,81,2012,Solo
227,The Motto,Drake,canadian hip hop,2011,202,44,77,-9,11,39,182,0,36,79,2012,Solo
228,Lights - Single Version,Ellie Goulding,dance pop,2010,120,80,68,-6,13,78,211,3,4,68,2012,Solo
229,Good Feeling,Flo Rida,dance pop,2012,128,89,71,-4,31,68,248,6,7,81,2012,Solo
230,Spectrum (Say My Name) - Calvin Harris Remix,Florence + The Machine,baroque pop,2012,126,95,58,-4,10,59,218,0,5,59,2012,Band/Group
231,Lost,Frank Ocean,alternative r&b,2012,123,60,91,-5,17,50,234,3,23,91,2012,Solo
232,Thinkin Bout You,Frank Ocean,alternative r&b,2012,130,34,72,-11,10,20,201,41,5,81,2012,Solo
233,We Are Young (feat. Janelle Monáe),fun.,baroque pop,2012,184,64,38,-6,8,74,251,2,8,79,2012,Band/Group
234,Some Nights,fun.,baroque pop,2012,108,74,67,-7,9,39,277,2,5,76,2012,Band/Group
235,Somebody That I Used To Know,Gotye,australian pop,2011,129,50,86,-7,10,72,245,59,4,81,2012,Solo
236,Oblivion,Grimes,art pop,2012,156,53,70,-9,9,49,251,12,3,71,2012,Solo
237,Ass Back Home (feat. Neon Hitch),Gym Class Heroes,dance pop,2011,130,84,72,-4,15,65,222,13,5,67,2012,Band/Group
238,I Love It (feat. Charli XCX),Icona Pop,candy pop,2013,126,91,71,-3,15,82,157,1,3,74,2012,Duo
239,It's Time,Imagine Dragons,modern rock,2012,105,88,66,-5,14,86,238,2,4,72,2012,Band/Group
240,On Top Of The World,Imagine Dragons,modern rock,2012,100,93,64,-6,9,76,190,9,15,72,2012,Band/Group
241,Ni**as In Paris,JAY-Z,east coast hip hop,2011,140,86,79,-6,35,78,219,13,31,88,2012,Solo
242,Boyfriend,Justin Bieber,canadian pop,2012,97,55,72,-6,13,33,171,4,5,68,2012,Solo
243,Mercy,Kanye West,chicago rap,2012,140,50,56,-9,17,43,329,7,41,79,2012,Solo
244,Brokenhearted,Karmin,dance pop,2012,120,77,77,-3,5,89,227,1,6,70,2012,Duo
245,The One That Got Away,Katy Perry,dance pop,2012,134,79,69,-4,20,86,227,0,4,78,2012,Solo
246,Part Of Me,Katy Perry,dance pop,2012,130,92,68,-5,7,77,216,0,4,78,2012,Solo
247,Swimming Pools (Drank) - Extended Version,Kendrick Lamar,conscious hip hop,2012,74,49,72,-8,60,26,314,12,40,76,2012,Solo
248,m.A.A.d city,Kendrick Lamar,conscious hip hop,2012,91,73,49,-7,44,22,350,5,27,73,2012,Solo
249,Die Young,Kesha,dance pop,2012,128,70,71,-5,22,80,212,0,5,83,2012,Solo
250,C'Mon,Kesha,dance pop,2012,126,78,56,-5,10,29,214,1,10,67,2012,Solo
251,Ride,Lana Del Rey,art pop,2012,94,69,37,-6,38,19,289,13,3,64,2012,Solo
252,Video Games,Lana Del Rey,art pop,2012,122,25,39,-10,9,18,282,81,3,63,2012,Solo
253,Born To Die,Lana Del Rey,art pop,2012,86,63,39,-7,20,40,286,20,4,62,2012,Solo
254,BURN IT DOWN,Linkin Park,alternative metal,2012,110,97,59,-4,7,59,230,1,5,79,2012,Band/Group
255,Sexy And I Know It,LMFAO,dance pop,2011,130,86,71,-4,19,80,199,10,32,68,2012,Duo
256,Battle Scars (with Guy Sebastian),Lupe Fiasco,chicago rap,2012,168,81,52,-5,11,49,250,19,29,74,2012,Solo
257,Primadonna,MARINA,art pop,2012,128,69,66,-3,9,43,221,9,3,84,2012,Solo
258,How to Be a Heartbreaker,MARINA,art pop,2012,140,90,69,-5,11,85,221,1,5,77,2012,Solo
259,One More Night,Maroon 5,pop,2012,93,82,72,-3,8,61,219,4,3,74,2012,Band/Group
260,Payphone,Maroon 5,pop,2012,110,76,74,-5,37,52,231,1,4,69,2012,Band/Group
261,Adorn,Miguel,dance pop,2012,179,58,63,-6,19,24,193,5,18,72,2012,Solo
262,Madness,Muse,modern rock,2012,180,42,50,-8,11,22,281,13,7,72,2012,Band/Group
263,Everybody Talks,Neon Trees,modern alternative rock,2012,155,92,47,-4,31,73,177,0,6,85,2012,Band/Group
264,Starships,Nicki Minaj,dance pop,2011,125,72,75,-2,25,75,211,14,8,78,2012,Solo
265,Pound The Alarm,Nicki Minaj,dance pop,2012,125,86,73,-4,2,59,206,4,6,69,2012,Solo
266,Dirty Paws,Of Monsters and Men,folk-pop,2012,112,65,36,-7,6,13,278,11,3,74,2012,Band/Group
267,Troublemaker (feat. Flo Rida),Olly Murs,dance pop,2012,106,86,76,-4,13,97,186,2,6,80,2012,Solo
268,What Makes You Beautiful,One Direction,boy band,2012,125,79,73,-2,6,89,200,1,7,88,2012,Band/Group
269,Live While We're Young,One Direction,boy band,2012,126,86,66,-2,14,93,200,5,5,79,2012,Band/Group
270,Million Voices - Radio Edit,Otto Knows,edm,2012,126,89,58,-6,7,7,193,0,4,75,2012,Solo
271,Good Time,Owl City,indietronica,2012,126,87,56,-4,37,68,206,2,14,82,2012,Band/Group
272,Blow Me (One Last Kiss),P!nk,dance pop,2012,114,92,60,-3,28,73,256,0,4,71,2012,Solo
273,Take a Walk,Passion Pit,alternative dance,2012,101,76,57,-6,32,45,264,3,4,74,2012,Band/Group
274,"Gone, Gone, Gone",Phillip Phillips,folk-pop,2013,118,64,66,-6,11,50,210,13,4,76,2012,Solo
275,Home,Phillip Phillips,folk-pop,2013,121,83,61,-6,12,32,210,3,3,73,2012,Solo
276,Gangnam Style (강남스타일),PSY,k-pop,2012,132,94,73,-3,9,75,219,0,29,77,2012,Solo
277,We Found Love,Rihanna,barbadian pop,2011,128,77,74,-4,11,60,215,3,4,80,2012,Solo
278,Where Have You Been,Rihanna,barbadian pop,2011,128,85,72,-6,22,44,243,0,9,76,2012,Solo
279,R.I.P. (feat. Tinie Tempah),Rita Ora,dance pop,2012,72,83,61,-3,65,35,228,3,5,52,2012,Solo
280,Mama Do The Hump,Rizzle Kicks,uk hip hop,2011,98,89,72,-4,7,56,216,1,13,61,2012,Duo
281,Candy,Robbie Williams,dance pop,2012,116,79,72,-7,7,88,201,4,4,73,2012,Solo
282,Feel the Love (feat. John Newman),Rudimental,dance pop,2013,180,71,39,-7,69,24,245,0,6,52,2012,Band/Group
283,Hands on the Wheel (feat. Asap Rocky),ScHoolboy Q,gangster rap,2012,128,78,65,-7,7,18,197,2,11,67,2012,Solo
284,Bangarang (feat. Sirah),Skrillex,brostep,2011,110,97,72,-2,32,58,215,1,20,75,2012,Solo
285,"Young, Wild & Free (feat. Bruno Mars)",Snoop Dogg,g funk,2011,95,66,72,-6,12,53,207,5,14,82,2012,Solo
286,Don't You Worry Child - Radio Edit,Swedish House Mafia,dance pop,2012,129,84,61,-3,12,44,213,11,5,81,2012,Band/Group
287,I Knew You Were Trouble.,Taylor Swift,pop,2012,77,47,62,-7,3,68,220,0,4,82,2012,Solo
288,We Are Never Ever Getting Back Together,Taylor Swift,pop,2012,86,68,63,-6,12,75,193,1,9,80,2012,Solo
289,Ho Hey,The Lumineers,folk-pop,2012,80,47,69,-9,9,35,163,79,3,77,2012,Band/Group
290,Chasing The Sun,The Wanted,boy band,2012,128,73,64,-6,50,68,199,24,10,74,2012,Band/Group
291,Angels,The xx,downtempo,2012,92,16,42,-18,10,34,172,95,4,68,2012,Band/Group
292,Drive By,Train,dance pop,2012,122,84,77,-3,8,72,196,0,3,82,2012,Band/Group
293,50 Ways to Say Goodbye,Train,dance pop,2012,140,94,59,-3,14,74,248,0,5,73,2012,Band/Group
294,Heart Attack,Trey Songz,dance pop,2012,150,86,61,-5,23,48,233,6,13,61,2012,Solo
295,Rack City,Tyga,dance pop,2012,99,34,93,-11,19,27,203,4,37,67,2012,Solo
296,Faded,Tyga,dance pop,2012,95,67,83,-8,35,34,207,1,19,63,2012,Solo
297,Climax,Usher,atl hip hop,2012,136,48,65,-9,16,33,233,55,8,65,2012,Solo
298,Anna Sun,WALK THE MOON,dance pop,2012,140,84,47,-7,24,34,321,0,5,68,2012,Band/Group
299,"Work Hard, Play Hard",Wiz Khalifa,dance pop,2012,140,67,79,-4,30,49,219,4,5,67,2012,Solo
300,We Own It (Fast & Furious),2 Chainz,atl hip hop,2013,172,90,56,-5,5,56,228,5,40,75,2013,Solo
301,"F**kin' Problems (feat. Drake, 2 Chainz & Kendrick Lamar)",A$AP Rocky,east coast hip hop,2013,96,69,85,-7,11,66,234,2,28,81,2013,Solo
302,Why'd You Only Call Me When You're High?,Arctic Monkeys,garage rock,2013,92,63,69,-6,10,80,161,5,4,90,2013,Band/Group
303,Do I Wanna Know?,Arctic Monkeys,garage rock,2013,85,53,55,-8,22,41,272,19,3,89,2013,Band/Group
304,The Way,Ariana Grande,dance pop,2013,82,88,65,-3,8,86,227,29,11,71,2013,Solo
305,Wake Me Up,Avicii,dance pop,2013,124,78,53,-6,16,64,247,0,5,89,2013,Solo
306,I Could Be The One (Avicii Vs. Nicky Romero) - Radio Edit,Avicii,dance pop,2012,128,79,51,-4,32,64,208,33,4,73,2013,Solo
307,Here's to Never Growing Up,Avril Lavigne,canadian pop,2013,165,87,48,-3,41,74,214,1,9,75,2013,Solo
308,Sail,AWOLNATION,la indie,2011,119,44,83,-10,10,27,259,44,6,80,2013,Band/Group
309,Harlem Shake,Baauer,bass trap,2013,138,79,45,-5,42,28,197,1,5,63,2013,Solo
310,Pompeii,Bastille,metropopolis,2013,127,72,68,-6,27,57,214,8,4,80,2013,Band/Group
311,Of The Night,Bastille,metropopolis,2013,125,83,67,-7,9,35,214,2,4,66,2013,Band/Group
312,Get Up (Rattle),Bingo Players,big room,2013,128,98,80,-3,26,80,167,2,7,61,2013,Duo
313,Sure Be Cool If You Did,Blake Shelton,contemporary country,2013,137,73,58,-5,11,58,216,26,4,61,2013,Solo
314,Ready or Not,Bridgit Mendler,dance pop,2012,93,87,72,-4,11,75,201,0,5,77,2013,Solo
315,Work Bitch,Britney Spears,dance pop,2013,128,82,63,-7,7,85,248,16,16,76,2013,Solo
316,Locked out of Heaven,Bruno Mars,dance pop,2012,144,70,73,-4,31,87,233,5,4,91,2013,Solo
317,When I Was Your Man,Bruno Mars,dance pop,2012,73,28,61,-9,9,39,214,93,4,89,2013,Solo
318,Treasure,Bruno Mars,dance pop,2012,116,69,87,-5,32,94,179,4,4,83,2013,Solo
319,Sweet Nothing (feat. Florence Welch),Calvin Harris,dance pop,2012,128,93,57,-4,6,58,213,20,11,76,2013,Solo
320,I Need Your Love (feat. Ellie Goulding),Calvin Harris,dance pop,2012,125,87,70,-5,24,58,235,41,5,75,2013,Solo
321,Thinking About You (feat. Ayah Marar),Calvin Harris,dance pop,2012,128,87,73,-4,10,75,248,0,4,71,2013,Solo
322,Drinking from the Bottle (feat. Tinie Tempah),Calvin Harris,dance pop,2012,128,89,67,-4,5,53,240,5,5,67,2013,Solo
323,Safe And Sound,Capital Cities,metropopolis,2013,118,82,66,-5,10,77,193,0,3,87,2013,Duo
324,3005,Childish Gambino,atl hip hop,2013,166,45,47,-7,9,64,234,11,33,83,2013,Solo
325,Fine China,Chris Brown,dance pop,2014,104,73,65,-5,12,59,213,4,6,66,2013,Solo
326,The Mother We Share,CHVRCHES,electropop,2013,174,69,46,-6,13,34,191,3,3,61,2013,Band/Group
327,Body Party,Ciara,dance pop,2013,134,58,58,-6,60,12,234,1,6,70,2013,Solo
328,Get Lucky (feat. Pharrell Williams & Nile Rodgers) - Radio Edit,Daft Punk,electro,2013,116,81,79,-9,10,86,248,4,4,88,2013,Duo
329,Lose Yourself to Dance (feat. Pharrell Williams),Daft Punk,electro,2013,100,66,83,-8,8,67,354,8,6,74,2013,Duo
330,Play Hard (feat. Ne-Yo & Akon),David Guetta,big room,2011,130,92,69,-2,33,80,201,17,5,65,2013,Solo
331,Heart Attack,Demi Lovato,dance pop,2013,174,79,50,-5,24,50,211,7,10,85,2013,Solo
332,White Noise,Disclosure,edm,2013,120,85,68,-6,35,87,278,1,5,54,2013,Duo
333,"Hold On, We're Going Home",Drake,canadian hip hop,2013,100,41,78,-7,7,29,228,0,9,76,2013,Solo
334,Started From the Bottom,Drake,canadian hip hop,2013,86,52,79,-8,16,58,174,3,16,71,2013,Solo
335,Need U (100%) (feat. A*M*E) - Radio Edit,Duke Dumont,destroy techno,2013,124,85,67,-5,39,46,174,0,5,65,2013,Solo
336,The Monster,Eminem,detroit hip hop,2013,110,85,78,-4,12,62,250,5,7,81,2013,Solo
337,Berzerk,Eminem,detroit hip hop,2013,95,87,74,-4,26,68,239,2,33,72,2013,Solo
338,My Songs Know What You Did In The Dark (Light Em Up),Fall Out Boy,emo,2013,152,92,56,-4,54,57,187,3,6,77,2013,Band/Group
339,I Cry,Flo Rida,dance pop,2012,126,82,69,-5,32,76,224,1,4,69,2013,Solo
340,Cruise,Florida Georgia Line,contemporary country,2012,148,95,46,-3,5,88,209,2,4,63,2013,Duo
341,I Love It (feat. Charli XCX),Icona Pop,candy pop,2013,126,91,71,-3,15,82,157,1,3,74,2013,Duo
342,Demons,Imagine Dragons,modern rock,2012,90,71,51,-3,33,43,175,19,3,78,2013,Band/Group
343,Radioactive,Imagine Dragons,modern rock,2012,136,78,45,-4,67,24,187,11,6,77,2013,Band/Group
344,Power Trip (feat. Miguel),J. Cole,conscious hip hop,2013,100,61,67,-7,43,48,241,32,22,81,2013,Solo
345,Talk Dirty (feat. 2 Chainz),Jason Derulo,dance pop,2013,100,65,76,-7,31,76,178,3,23,71,2013,Solo
346,The Other Side,Jason Derulo,dance pop,2013,128,84,56,-4,14,52,227,5,10,66,2013,Solo
347,Holy Grail,JAY-Z,east coast hip hop,2013,145,53,68,-7,26,16,338,6,8,68,2013,Solo
348,Love Me Again,John Newman,dance pop,2013,126,89,50,-5,10,21,240,0,4,69,2013,Solo
349,Beauty And A Beat,Justin Bieber,canadian pop,2012,128,84,60,-5,7,53,228,0,6,78,2013,Solo
350,Mirrors,Justin Timberlake,dance pop,2013,77,51,57,-7,9,51,484,23,5,83,2013,Solo
351,Suit & Tie (feat. Jay-Z),Justin Timberlake,dance pop,2013,102,60,80,-4,16,36,326,10,22,72,2013,Solo
352,Black Skinhead,Kanye West,chicago rap,2013,130,81,77,-6,17,33,188,0,28,80,2013,Solo
353,This Is How We Do,Katy Perry,dance pop,2013,96,64,69,-6,15,80,204,2,5,66,2013,Solo
354,Sonnentanz - Sun Don't Shine,Klangkarussell,austrian pop,2013,120,54,59,-8,11,17,236,11,9,56,2013,Duo
355,All I Want,Kodaline,irish pop,2013,187,41,19,-10,8,16,306,17,5,86,2013,Band/Group
356,High Hopes,Kodaline,irish pop,2013,77,49,49,-6,19,22,230,58,3,73,2013,Band/Group
357,Summertime Sadness (Lana Del Rey Vs. Cedric Gervais) - Cedric Gervais Remix,Lana Del Rey,art pop,2013,126,81,57,-6,13,11,215,2,6,78,2013,Solo
358,Love Me,Lil Wayne,hip hop,2013,125,63,67,-6,9,50,255,1,3,73,2013,Solo
359,Somewhere Only We Know,Lily Allen,dance pop,2014,81,29,31,-11,10,29,209,93,3,56,2013,Solo
360,Royals,Lorde,art pop,2013,85,43,67,-10,13,34,190,12,12,83,2013,Solo
361,Team,Lorde,art pop,2013,100,58,69,-7,31,42,193,17,9,82,2013,Solo
362,Can't Hold Us (feat. Ray Dalton),Macklemore & Ryan Lewis,dance pop,2012,146,92,64,-4,9,85,258,3,8,87,2013,Duo
363,Thrift Shop (feat. Wanz),Macklemore & Ryan Lewis,dance pop,2012,95,53,78,-7,5,67,236,6,29,79,2013,Duo
364,Same Love (feat. Mary Lambert),Macklemore & Ryan Lewis,dance pop,2012,85,47,69,-9,10,30,319,72,17,69,2013,Duo
365,Daylight,Maroon 5,pop,2012,120,68,66,-6,21,33,225,0,3,66,2013,Band/Group
366,Animals - Radio Edit,Martin Garrix,dance pop,2016,128,91,59,-5,7,4,176,0,4,64,2013,Solo
367,It's a Beautiful Day,Michael Bublé,adult standards,2013,144,80,53,-4,30,78,199,6,4,71,2013,Solo
368,We Can't Stop,Miley Cyrus,dance pop,2013,80,62,61,-6,37,48,231,1,3,83,2013,Solo
369,I Will Wait,Mumford & Sons,modern folk rock,2012,131,76,48,-5,31,45,277,1,3,73,2013,Band/Group
370,La La La,Naughty Boy,tropical house,2013,125,68,75,-4,11,25,221,11,3,63,2013,Solo
371,Hey Porsche,Nelly,dance pop,2013,116,79,73,-5,65,95,209,15,3,49,2013,Solo
372,Little Talks,Of Monsters and Men,folk-pop,2012,103,76,46,-5,15,42,267,2,3,85,2013,Band/Group
373,Best Song Ever,One Direction,boy band,2013,118,88,65,-3,8,49,200,2,5,81,2013,Band/Group
374,One Way or Another (Teenage Kicks),One Direction,boy band,2013,162,87,49,-3,59,41,157,3,7,71,2013,Band/Group
375,True Love (feat. Lily Allen),P!nk,dance pop,2012,192,82,46,-5,11,58,231,0,31,76,2013,Solo
376,Still into You,Paramore,candy pop,2013,136,92,60,-4,6,77,216,1,4,85,2013,Band/Group
377,Ain't It Fun,Paramore,candy pop,2013,104,89,61,-4,2,67,297,15,9,78,2013,Band/Group
378,Home,Phillip Phillips,folk-pop,2013,121,83,61,-6,12,32,210,3,3,73,2013,Solo
379,Feel This Moment (feat. Christina Aguilera),Pitbull,dance pop,2012,136,76,67,-4,34,54,230,4,16,82,2013,Solo
380,Don't Stop the Party (feat. TJR),Pitbull,dance pop,2012,127,96,72,-4,38,95,206,1,9,69,2013,Solo
381,Blurred Lines,Robin Thicke,contemporary r&b,2013,120,50,86,-8,8,88,263,0,5,61,2013,Solo
382,Waiting All Night (feat. Ella Eyre),Rudimental,dance pop,2013,175,73,54,-5,43,28,293,0,5,50,2013,Solo
383,Reload - Radio Edit,Sebastian Ingrosso,dance pop,2013,128,72,49,-5,6,43,221,7,5,73,2013,Solo
384,Come & Get It,Selena Gomez,dance pop,2013,80,79,55,-4,8,57,232,1,5,75,2013,Solo
385,Look Right Through - MK Vocal Edit,Storm Queen,deep disco house,2013,120,82,83,-8,28,51,148,0,8,44,2013,Solo
386,Papaoutai,Stromae,belgian pop,2013,116,81,73,-7,6,25,232,3,8,60,2013,Solo
387,I Knew You Were Trouble.,Taylor Swift,pop,2012,77,47,62,-7,3,68,220,0,4,82,2013,Solo
388,22,Taylor Swift,pop,2012,104,73,66,-7,5,67,232,0,4,74,2013,Solo
389,Everything Has Changed,Taylor Swift,pop,2012,80,46,62,-7,31,44,245,36,3,71,2013,Solo
390,Chocolate,The 1975,modern alternative rock,2013,100,94,59,-4,38,68,225,0,5,66,2013,Band/Group
391,Ho Hey,The Lumineers,folk-pop,2012,80,47,69,-9,9,35,163,79,3,77,2013,Band/Group
392,Sweater Weather,The Neighbourhood,modern alternative rock,2013,124,81,61,-3,10,40,240,5,3,95,2013,Band/Group
393,What About Us,The Saturdays,bubblegum dance,2013,124,68,70,-5,21,69,221,1,6,67,2013,Band/Group
394,Another Love,Tom Odell,chill pop,2013,123,54,45,-9,9,13,244,70,4,94,2013,Solo
395,Bad (feat. Rihanna) - Remix,Wale,gangster rap,2013,114,70,81,-7,11,45,239,31,7,67,2013,Solo
396,Scream & Shout,will.i.am,dance pop,2013,130,69,77,-7,13,50,283,2,7,83,2013,Solo
397,#thatPOWER,will.i.am,dance pop,2013,128,61,80,-6,7,40,280,0,6,74,2013,Solo
398,The Fox (What Does the Fox Say?),Ylvis,comic,2013,128,87,70,-4,12,55,214,11,5,68,2013,Duo
399,Clarity,Zedd,complextro,2012,128,78,51,-3,7,18,271,4,7,80,2013,Solo
400,She Looks So Perfect,5 Seconds of Summer,boy band,2014,160,95,49,-4,33,44,202,0,13,78,2014,Band/Group
401,Amnesia,5 Seconds of Summer,boy band,2014,102,50,57,-5,21,11,237,3,3,71,2014,Band/Group
402,Heroes (we could be),Alesso,dance pop,2014,126,75,52,-4,24,35,210,4,6,58,2014,Solo
403,The Man,Aloe Blacc,pop soul,2014,82,77,31,-7,21,49,255,3,7,63,2014,Solo
404,Best Day Of My Life,American Authors,indie poptimism,2014,100,90,67,-2,6,54,194,6,3,83,2014,Band/Group
405,Love Me Harder,Ariana Grande,dance pop,2014,99,71,47,-4,8,24,236,1,3,80,2014,Solo
406,Problem,Ariana Grande,dance pop,2014,103,81,66,-5,16,63,194,2,15,78,2014,Solo
407,Break Free,Ariana Grande,dance pop,2014,130,70,69,-5,20,28,215,1,5,80,2014,Solo
408,Hey Brother,Avicii,dance pop,2013,125,78,55,-5,8,46,255,3,4,82,2014,Solo
409,Shower,Becky G,dance pop,2014,120,53,70,-8,28,12,206,3,5,83,2014,Solo
410,Drunk in Love (feat. Jay-Z),Beyoncé,dance pop,2014,140,62,59,-7,18,40,323,1,5,75,2014,Solo
411,Hot N*gga,Bobby Shmurda,nyc rap,2014,168,51,79,-7,6,18,195,5,42,78,2014,Solo
412,Summer,Calvin Harris,dance pop,2014,128,86,60,-4,14,74,223,2,3,86,2014,Solo
413,Blame (feat. John Newman),Calvin Harris,dance pop,2014,128,86,41,-4,34,35,213,3,8,81,2014,Solo
414,Under Control (feat. Hurts),Calvin Harris,dance pop,2014,126,92,54,-3,12,51,184,13,8,77,2014,Solo
415,Boom Clap,Charli XCX,art pop,2014,92,91,66,-2,19,58,170,15,8,54,2014,Solo
416,Loyal (feat. Lil Wayne & Tyga),Chris Brown,dance pop,2014,99,52,84,-6,19,62,265,2,5,78,2014,Solo
417,New Flame (feat. Usher & Rick Ross),Chris Brown,dance pop,2014,142,63,70,-4,10,45,244,5,4,73,2014,Solo
418,Rather Be (feat. Jess Glynne),Clean Bandit,dance pop,2014,121,59,80,-7,19,55,228,16,4,77,2014,Band/Group
419,First,Cold War Kids,alternative rock,2014,78,69,47,-4,52,56,200,2,3,71,2014,Band/Group
420,Magic,Coldplay,permanent wave,2014,93,48,74,-9,11,35,285,3,4,78,2014,Band/Group
421,A Sky Full of Stars,Coldplay,permanent wave,2014,125,68,55,-6,21,16,268,1,3,85,2014,Band/Group
422,Bad (feat. Vassy) - Radio Edit,David Guetta,big room,2014,128,97,61,-4,33,41,171,0,9,56,2014,Solo
423,Lovers on the Sun (feat. Sam Martin),David Guetta,big room,2014,125,89,65,-3,38,57,204,9,4,53,2014,Solo
424,Latch,Disclosure,edm,2013,122,74,73,-5,9,54,256,2,9,75,2014,Duo
425,Turn Down for What,DJ Snake,dance pop,2013,100,80,82,-4,6,8,214,0,16,76,2014,Solo
426,You Know You Like It,DJ Snake,dance pop,2014,196,73,41,-5,31,25,247,1,19,75,2014,Solo
427,I Got U,Duke Dumont,destroy techno,2014,121,76,64,-8,9,46,286,0,4,65,2014,Solo
428,Cool Kids,Echosmith,dance pop,2013,130,67,72,-6,12,79,238,4,3,76,2014,Band/Group
429,Don't,Ed Sheeran,pop,2014,95,61,81,-7,64,85,220,1,7,78,2014,Solo
430,Sing,Ed Sheeran,pop,2014,120,67,82,-4,6,94,235,30,5,75,2014,Solo
431,Ugly Heart,G.R.L.,dance pop,2014,125,79,65,-5,32,45,198,2,5,70,2014,Band/Group
432,Budapest,George Ezra,folk-pop,2014,128,46,72,-8,11,39,201,8,3,83,2014,Solo
433,Blame It on Me,George Ezra,folk-pop,2014,104,76,54,-3,34,42,196,47,3,73,2014,Solo
434,Ready For Your Love,Gorgon City,deep groove house,2014,122,75,68,-7,33,47,199,5,15,51,2014,Duo
435,Fancy,Iggy Azalea,australian hip hop,2014,95,72,91,-4,5,38,200,9,7,74,2014,Solo
436,Black Widow,Iggy Azalea,australian hip hop,2014,164,72,74,-4,11,52,209,19,12,71,2014,Solo
437,Talk Dirty (feat. 2 Chainz),Jason Derulo,dance pop,2013,100,65,76,-7,31,76,178,3,23,71,2014,Solo
438,Wiggle (feat. Snoop Dogg),Jason Derulo,dance pop,2013,82,62,70,-7,16,72,193,8,25,63,2014,Solo
439,Trumpets,Jason Derulo,dance pop,2013,82,69,64,-5,10,64,217,56,26,69,2014,Solo
440,Don't Tell 'Em,Jeremih,chicago rap,2015,98,53,86,-5,11,39,267,39,10,80,2014,Solo
441,Bang Bang,Jessie J,dance pop,2014,150,79,71,-3,38,75,199,26,9,83,2014,Solo
442,All of Me,John Legend,neo soul,2013,120,26,42,-7,13,33,270,92,3,90,2014,Solo
443,Not a Bad Thing,Justin Timberlake,dance pop,2013,86,56,31,-9,13,11,688,53,7,61,2014,Solo
444,Dark Horse,Katy Perry,dance pop,2013,132,59,65,-6,17,35,216,0,5,79,2014,Solo
445,Show Me (feat. Chris Brown),Kid Ink,dance pop,2014,98,51,71,-7,14,66,218,4,5,74,2014,Solo
446,Hideaway,Kiesza,electropop,2014,123,72,84,-4,8,20,252,9,5,70,2014,Solo
447,Jubel - Radio Edit,Klingande,deep house,2013,125,52,69,-7,14,10,202,65,3,55,2014,Duo
448,Jealous,Labrinth,indie poptimism,2014,117,15,44,-9,11,10,288,87,5,82,2014,Solo
449,Prayer in C - Robin Schulz Radio Edit,Lilly Wood and The Prick,french indie pop,2014,123,88,76,-6,60,80,189,2,3,77,2014,Duo
450,Team,Lorde,art pop,2013,100,58,69,-7,31,42,193,17,9,82,2014,Solo
451,Rude,MAGIC!,reggae fusion,2014,144,76,77,-5,31,93,225,4,4,85,2014,Band/Group
452,Maps,Maroon 5,pop,2014,120,71,74,-6,6,88,190,2,3,87,2014,Band/Group
453,Animals,Maroon 5,pop,2014,190,74,28,-6,59,33,231,0,9,85,2014,Band/Group
454,Sugar,Maroon 5,pop,2014,120,79,75,-7,9,88,235,6,3,85,2014,Band/Group
455,All About That Bass,Meghan Trainor,dance pop,2015,134,89,81,-4,12,96,188,6,5,78,2014,Solo
456,Stolen Dance,Milky Chance,german pop,2014,114,58,89,-9,8,73,314,43,4,78,2014,Band/Group
457,Classic,MKTO,dance pop,2012,102,79,72,-5,16,76,175,4,12,87,2014,Duo
458,Waves - Robin Schulz Radio Edit,Mr. Probz,dutch hip hop,2014,120,51,83,-9,8,45,208,1,4,82,2014,Solo
459,Somebody,Natalie La Rose,chicago rap,2014,105,52,83,-9,7,74,190,0,4,71,2014,Solo
460,Jealous - Remix,Nick Jonas,dance pop,2015,93,71,68,-4,44,45,222,1,8,71,2014,Solo
461,Anaconda,Nicki Minaj,dance pop,2014,130,61,96,-6,21,65,260,7,18,70,2014,Solo
462,Am I Wrong,Nico & Vinz,pop rap,2014,120,68,73,-6,55,78,246,18,3,82,2014,Duo
463,CoCo,O.T. Genasis,pop rap,2014,120,63,89,-6,31,18,240,0,13,66,2014,Solo
464,Gecko (Overdrive) - Radio Edit,Oliver Heldens,dance pop,2014,125,89,61,-5,34,76,165,1,6,73,2014,Solo
465,Wrapped Up,Olly Murs,dance pop,2014,122,84,79,-5,16,92,186,9,6,68,2014,Solo
466,Post to Be (feat. Chris Brown & Jhene Aiko),Omarion,dance pop,2014,97,68,73,-6,21,70,227,7,4,60,2014,Solo
467,Night Changes,One Direction,boy band,2014,120,52,67,-8,12,37,227,86,4,88,2014,Band/Group
468,Steal My Girl,One Direction,boy band,2014,77,77,54,-6,11,55,228,0,3,84,2014,Band/Group
469,Counting Stars,OneRepublic,dance pop,2014,122,71,66,-5,12,48,258,7,4,80,2014,Band/Group
470,Love Runs Out,OneRepublic,dance pop,2014,120,94,72,-4,10,74,224,17,6,65,2014,Band/Group
471,Only Love Can Hurt Like This,Paloma Faith,british soul,2014,91,89,57,-5,33,30,233,10,8,85,2014,Solo
472,Ain't It Fun,Paramore,candy pop,2013,104,89,61,-4,2,67,297,15,9,78,2014,Band/Group
473,High (feat. Nicole Millar),Peking Duk,aussietronica,2014,100,80,53,-4,29,38,228,0,5,54,2014,Band/Group
474,"Happy - From ""Despicable Me 2""",Pharrell Williams,pop rap,2014,160,82,65,-5,9,96,233,22,18,85,2014,Solo
475,Timber (feat. Ke$ha),Pitbull,dance pop,2012,130,96,58,-4,14,79,204,3,10,86,2014,Solo
476,Me And My Broken Heart,Rixton,pop,2014,174,78,55,-4,13,55,194,0,3,83,2014,Duo
477,My Love (feat. Jess Glynne),Route 94,deep groove house,2014,120,62,81,-8,7,73,260,0,5,78,2014,Solo
478,Stay With Me,Sam Smith,dance pop,2014,84,42,42,-6,11,18,173,59,4,86,2014,Solo
479,Money On My Mind,Sam Smith,dance pop,2014,134,84,69,-5,23,74,193,20,18,67,2014,Solo
480,Collard Greens,ScHoolboy Q,gangster rap,2014,154,57,83,-5,21,65,300,3,6,84,2014,Solo
481,Man Of The Year,ScHoolboy Q,gangster rap,2014,112,87,75,-5,20,37,216,1,4,76,2014,Solo
482,Geronimo,Sheppard,australian indie,2015,142,78,71,-6,12,46,218,46,8,69,2014,Band/Group
483,Chandelier,Sia,australian dance,2015,117,79,40,-3,7,57,216,2,5,73,2014,Solo
484,Elastic Heart,Sia,australian dance,2015,130,79,42,-5,15,50,257,1,5,68,2014,Solo
485,Nobody To Love,Sigma,dance pop,2014,88,91,52,-3,20,23,190,0,4,55,2014,Solo
486,Style,Taylor Swift,pop,2014,95,79,59,-6,12,49,231,0,4,66,2014,Solo
487,Bad Blood,Taylor Swift,pop,2014,170,79,65,-6,20,29,212,9,19,60,2014,Solo
488,Shake It Off,Taylor Swift,pop,2014,160,79,65,-5,15,94,219,6,17,77,2014,Solo
489,#SELFIE,The Chainsmokers,dance pop,2014,128,92,79,-3,8,66,184,1,25,69,2014,Duo
490,Superheroes,The Script,celtic rock,2014,167,89,49,-4,7,64,245,0,4,79,2014,Band/Group
491,Wasted,Tiësto,big room,2014,112,82,64,-6,20,39,190,0,3,68,2014,Solo
492,Red Lights,Tiësto,big room,2014,125,83,65,-5,12,55,262,0,4,72,2014,Solo
493,2 On (feat. ScHoolboy Q),Tinashe,alternative r&b,2014,101,60,74,-8,11,43,227,15,11,77,2014,Solo
494,Habits (Stay High),Tove Lo,art pop,2014,110,65,73,-4,8,35,209,7,3,78,2014,Solo
495,Talking Body,Tove Lo,art pop,2014,120,76,74,-5,8,11,238,10,3,72,2014,Solo
496,Na Na,Trey Songz,dance pop,2015,97,48,67,-6,10,24,232,33,4,68,2014,Solo
497,Riptide,Vance Joy,folk-pop,2014,102,73,48,-7,15,51,204,43,4,83,2014,Solo
498,Stay The Night - Featuring Hayley Williams Of Paramore,Zedd,complextro,2012,128,74,60,-3,9,46,217,11,4,69,2014,Solo
499,Faded,ZHU,edm,2014,125,48,87,-7,11,61,223,1,5,66,2014,Solo
500,Ghost Town,Adam Lambert,dance pop,2015,120,74,70,-6,17,27,208,19,5,69,2015,Solo
501,Here,Alessia Cara,canadian contemporary r&b,2015,120,82,38,-4,8,33,199,8,10,71,2015,Solo
502,"Honey, I'm Good.",Andy Grammer,dance pop,2014,122,78,75,-7,35,60,199,3,5,78,2015,Solo
503,Love Me Harder,Ariana Grande,dance pop,2014,99,71,47,-4,8,24,236,1,3,79,2015,Solo
504,The Nights,Avicii,dance pop,2014,126,84,53,-5,25,65,177,2,4,89,2015,Solo
505,Waiting For Love,Avicii,dance pop,2015,128,74,58,-4,20,61,231,31,5,84,2015,Solo
506,  7/11,Beyoncé,dance pop,2014,136,71,75,-5,13,56,214,1,13,74,2015,Solo
507,I Don't Fuck With You,Big Sean,detroit hip hop,2015,98,73,82,-5,33,40,284,4,6,80,2015,Solo
508,Electric Love,BØRNS,modern rock,2015,120,80,61,-8,26,52,218,1,5,86,2015,Solo
509,Don't,Bryson Tiller,kentucky hip hop,2015,97,36,77,-6,10,19,198,22,20,83,2015,Solo
510,Outside (feat. Ellie Goulding),Calvin Harris,dance pop,2014,128,82,65,-4,32,42,227,21,4,82,2015,Solo
511,How Deep Is Your Love,Calvin Harris,dance pop,2015,122,87,74,-4,39,34,213,4,7,80,2015,Solo
512,Ayo,Chris Brown,dance pop,2015,98,56,82,-5,9,68,225,4,4,76,2015,Solo
513,Cool for the Summer,Demi Lovato,dance pop,2015,114,61,58,-6,14,34,215,0,4,78,2015,Solo
514,Confident,Demi Lovato,dance pop,2015,130,75,59,-6,9,34,206,0,7,69,2015,Solo
515,Five More Hours,Deorro,dance pop,2017,128,88,70,-3,82,50,212,3,22,74,2015,Solo
516,Omen - Radio Edit,Disclosure,edm,2015,106,79,67,-5,36,62,197,12,14,68,2015,Duo
517,You Know You Like It,DJ Snake,dance pop,2014,196,73,41,-5,31,25,247,1,19,74,2015,Solo
518,Hotline Bling,Drake,canadian hip hop,2016,135,63,89,-8,5,55,267,0,6,82,2015,Solo
519,Jumpman,Drake,canadian hip hop,2015,142,55,85,-7,33,66,206,6,19,76,2015,Solo
520,Thinking out Loud,Ed Sheeran,pop,2014,79,45,78,-6,18,59,282,47,3,86,2015,Solo
521,"Love Me Like You Do - From ""Fifty Shades Of Grey""",Ellie Goulding,dance pop,2015,190,61,26,-7,13,28,253,25,5,83,2015,Solo
522,On My Mind,Ellie Goulding,dance pop,2015,155,71,70,-7,9,74,213,26,5,69,2015,Solo
523,Centuries,Fall Out Boy,emo,2015,176,86,39,-3,10,56,228,0,7,84,2015,Band/Group
524,679 (feat. Remy Boyz),Fetty Wap,new jersey rap,2015,190,72,62,-6,63,60,197,0,32,79,2015,Solo
525,Trap Queen,Fetty Wap,new jersey rap,2015,148,87,75,-4,35,82,222,2,13,78,2015,Solo
526,My Way (feat. Monty),Fetty Wap,new jersey rap,2015,128,74,75,-3,15,54,213,0,5,71,2015,Solo
527,My House,Flo Rida,dance pop,2015,94,70,69,-5,13,74,192,2,5,81,2015,Solo
528,GDFR (feat. Sage the Gemini & Lookas),Flo Rida,dance pop,2015,146,83,66,-4,7,69,190,0,7,75,2015,Solo
529,Mountain at My Gates,Foals,indie rock,2015,104,93,50,-5,25,62,244,0,5,69,2015,Band/Group
530,Runaway (U & I),Galantis,dance pop,2015,126,81,51,-4,9,38,227,1,5,79,2015,Duo
531,Barcelona,George Ezra,folk-pop,2014,94,57,63,-9,11,18,189,32,3,70,2015,Solo
532,Love Myself,Hailee Steinfeld,dance pop,2016,123,76,62,-7,42,32,219,0,7,75,2015,Solo
533,Take Me to Church,Hozier,irish singer-songwriter,2014,129,66,57,-5,12,44,242,63,5,80,2015,Solo
534,Where Are Ü Now (with Justin Bieber),Jack Ü,edm,2015,139,78,43,-4,8,20,250,4,6,78,2015,Duo
535,oui,Jeremih,chicago rap,2015,79,72,42,-4,11,60,238,21,10,82,2015,Solo
536,Classic Man (feat. Roman GianArthur),Jidenna,ghanaian hip hop,2015,94,59,79,-6,29,59,226,19,3,63,2015,Solo
537,What Do You Mean?,Justin Bieber,canadian pop,2015,125,57,85,-8,8,79,206,59,10,81,2015,Solo
538,Way down We Go,KALEO,icelandic indie,2016,163,51,49,-8,10,34,214,58,12,81,2015,Band/Group
539,King Kunta,Kendrick Lamar,conscious hip hop,2015,107,66,88,-5,15,49,235,1,10,79,2015,Solo
540,Stole the Show,Kygo,edm,2016,100,64,64,-8,32,48,223,27,23,78,2015,Solo
541,Nothing Left (feat. Will Heard),Kygo,edm,2015,154,58,68,-7,37,35,237,26,4,59,2015,Solo
542,High By The Beach,Lana Del Rey,art pop,2015,132,49,54,-11,12,10,258,24,3,71,2015,Solo
543,Hurt Me,Låpsley,electropop,2016,138,73,66,-5,16,59,231,69,13,55,2015,Solo
544,Closer,Lemaitre,alternative dance,2017,92,79,58,-4,12,36,271,0,3,64,2015,Duo
545,Lot to Learn,Luke Christopher,indie pop rap,2015,82,85,41,-4,7,60,248,9,20,66,2015,Solo
546,Lean On,Major Lazer,dance pop,2015,98,81,72,-3,56,27,177,0,6,76,2015,Trio
547,Light It Up - Remix,Major Lazer,dance pop,2015,108,88,75,-4,23,75,166,4,7,71,2015,Trio
548,Uptown Funk (feat. Bruno Mars),Mark Ronson,dance pop,2015,115,61,86,-7,3,93,270,1,8,86,2015,Solo
549,Intoxicated - Radio Edit,Martin Solveig,dance pop,2015,125,69,79,-4,10,50,160,0,4,62,2015,Solo
550,All Eyes on You (feat. Chris Brown & Nicki Minaj),Meek Mill,hip hop,2015,78,66,59,-5,12,25,224,2,20,73,2015,Solo
551,Believe,Mumford & Sons,modern folk rock,2015,114,62,36,-7,22,42,221,3,4,61,2015,Band/Group
552,Somebody,Natalie La Rose,chicago rap,2014,105,52,83,-9,7,74,190,0,4,69,2015,Solo
553,That's How You Know (feat. Kid Ink & Bebe Rexha),Nico & Vinz,pop rap,2015,104,44,77,-6,12,74,186,44,4,62,2015,Duo
554,Drive,Oh Wonder,electropop,2015,142,46,66,-8,8,38,196,71,10,65,2015,Duo
555,Post to Be (feat. Chris Brown & Jhene Aiko),Omarion,dance pop,2014,97,68,73,-6,21,70,227,7,4,76,2015,Solo
556,Drag Me Down,One Direction,boy band,2015,138,70,73,-6,7,60,192,11,4,84,2015,Band/Group
557,Perfect,One Direction,boy band,2015,100,82,65,-5,12,40,230,6,8,81,2015,Band/Group
558,Sunset Lover,Petit Biscuit,new french touch,2015,91,47,78,-9,11,24,238,73,5,75,2015,Solo
559,Wish You Were Mine - Radio Edit,Philip George,deep groove house,2014,123,83,65,-4,10,41,178,1,3,70,2015,Solo
560,Time of Our Lives,Pitbull,dance pop,2014,124,80,72,-6,69,72,229,9,6,85,2015,Solo
561,No Type,Rae Sremmurd,hip hop,2015,125,49,89,-8,9,24,200,2,16,77,2015,Duo
562,"Flex (Ooh, Ooh, Ooh)",Rich Homie Quan,atl hip hop,2015,82,61,73,-8,19,89,177,4,5,70,2015,Solo
563,FourFiveSeconds,Rihanna,barbadian pop,2015,206,27,58,-6,13,35,188,88,5,82,2015,Solo
564,Bitch Better Have My Money,Rihanna,barbadian pop,2015,103,73,78,-5,26,40,219,5,6,78,2015,Solo
565,Chill Bill (feat. J. Davi$ & Spooks),Rob $tone,san diego rap,2016,108,43,89,-10,9,23,177,3,14,81,2015,Solo
566,Sugar (feat. Francesco Yates),Robin Schulz,dance pop,2015,123,82,64,-5,16,64,219,2,6,81,2015,Solo
567,Lay It All on Me (feat. Ed Sheeran),Rudimental,dance pop,2015,123,75,67,-7,19,48,242,14,4,55,2015,Band/Group
568,Like I Can,Sam Smith,dance pop,2014,100,63,66,-7,12,48,167,34,4,85,2015,Solo
569,You Don't Own Me (feat. G-Eazy),SAYGRACE,dance pop,2015,186,66,34,-6,6,29,199,17,10,60,2015,Solo
570,Same Old Love,Selena Gomez,dance pop,2015,98,59,67,-4,21,44,229,2,3,70,2015,Solo
571,Hands To Myself,Selena Gomez,dance pop,2015,111,50,81,-7,34,47,201,1,12,68,2015,Solo
572,Good For You,Selena Gomez,dance pop,2015,89,68,61,-6,9,21,222,18,5,62,2015,Solo
573,Geronimo,Sheppard,australian indie,2015,142,78,71,-6,12,46,218,46,8,68,2015,Band/Group
574,Easy Love,Sigala,dance pop,2018,124,94,68,-4,12,65,230,18,6,70,2015,Solo
575,All My Friends (feat. Tinashe & Chance the Rapper),Snakehips,edm,2015,95,52,68,-6,11,18,230,12,14,77,2015,Duo
576,The Less I Know The Better,Tame Impala,australian psych,2015,117,74,64,-4,17,79,216,1,3,88,2015,Band/Group
577,Blank Space,Taylor Swift,pop,2014,96,68,75,-5,13,58,232,9,6,79,2015,Solo
578,Wildest Dreams,Taylor Swift,pop,2014,140,67,55,-7,11,47,220,7,7,76,2015,Solo
579,Bad Blood,Taylor Swift,pop,2015,170,66,65,-7,14,22,200,3,11,75,2015,Solo
580,Style,Taylor Swift,pop,2014,95,79,60,-6,12,46,231,0,4,75,2015,Solo
581,Spirits,The Strumbellas,canadian indie,2016,81,66,56,-6,11,79,204,16,3,75,2015,Band/Group
582,The Hills,The Weeknd,canadian contemporary r&b,2015,113,56,59,-7,14,14,242,7,5,88,2015,Solo
583,Can't Feel My Face,The Weeknd,canadian contemporary r&b,2015,108,77,71,-6,11,58,214,11,4,83,2015,Solo
584,"Earned It (Fifty Shades Of Grey) - From The ""Fifty Shades Of Grey"" Soundtrack",The Weeknd,canadian contemporary r&b,2014,120,38,66,-6,10,43,252,39,3,81,2015,Solo
585,In The Night,The Weeknd,canadian contemporary r&b,2015,168,68,51,-5,5,54,236,8,7,76,2015,Solo
586,Die A Happy Man,Thomas Rhett,contemporary country,2015,166,39,60,-9,12,40,227,42,3,77,2015,Solo
587,Talking Body,Tove Lo,art pop,2014,120,76,74,-5,8,11,238,10,3,71,2015,Solo
588,Antidote,Travis Scott,hip hop,2015,131,53,71,-5,12,13,263,1,3,78,2015,Solo
589,Slow Motion,Trey Songz,dance pop,2015,95,41,73,-8,11,29,198,68,4,75,2015,Solo
590,Na Na,Trey Songz,dance pop,2015,97,48,67,-6,10,24,232,33,4,67,2015,Solo
591,YOUTH,Troye Sivan,australian pop,2015,92,74,63,-4,8,59,185,6,4,70,2015,Solo
592,Stressed Out,Twenty One Pilots,modern rock,2015,170,64,73,-6,6,65,202,5,14,88,2015,Duo
593,I Don't Mind (feat. Juicy J),Usher,atl hip hop,2014,113,46,87,-8,9,46,252,21,18,73,2015,Solo
594,Shut Up and Dance,WALK THE MOON,dance pop,2014,128,87,58,-4,26,62,199,1,6,86,2015,Band/Group
595,See You Again (feat. Charlie Puth),Wiz Khalifa,dance pop,2015,80,48,69,-8,6,28,230,37,8,85,2015,Solo
596,Renegades,X Ambassadors,modern alternative rock,2015,90,86,53,-6,23,53,195,1,9,80,2015,Band/Group
597,Unsteady,X Ambassadors,modern alternative rock,2015,117,67,39,-6,12,20,194,18,6,78,2015,Band/Group
598,King,Years & Years,dance pop,2015,120,86,56,-4,38,43,215,6,4,66,2015,Band/Group
599,I Want You To Know,Zedd,complextro,2015,130,85,58,-3,14,37,240,1,6,70,2015,Solo
600,When We Were Young,Adele,british soul,2015,144,60,38,-6,10,27,291,30,5,79,2016,Solo
601,Send My Love (To Your New Lover),Adele,british soul,2015,164,53,69,-8,17,57,223,4,9,77,2016,Solo
602,Hello,Adele,british soul,2015,79,43,58,-6,9,29,296,33,3,77,2016,Solo
603,Here,Alessia Cara,canadian contemporary r&b,2015,120,82,38,-4,8,33,199,8,10,71,2016,Solo
604,Alarm,Anne-Marie,dance pop,2016,147,59,76,-5,18,81,206,8,23,62,2016,Solo
605,Into You,Ariana Grande,dance pop,2016,108,73,62,-6,14,37,244,2,11,73,2016,Solo
606,Side To Side,Ariana Grande,dance pop,2016,159,74,65,-6,24,61,226,5,23,72,2016,Solo
607,Dangerous Woman,Ariana Grande,dance pop,2016,134,60,66,-5,36,29,236,5,4,72,2016,Solo
608,Hurts So Good,Astrid S,alt z,2021,120,63,67,-5,9,42,209,8,5,77,2016,Solo
609,Good Grief,Bastille,metropopolis,2016,120,76,73,-5,31,88,206,15,7,70,2016,Band/Group
610,Sorry,Beyoncé,dance pop,2016,130,60,78,-7,25,36,233,0,5,72,2016,Solo
611,Don't,Bryson Tiller,kentucky hip hop,2015,97,36,77,-6,10,19,198,22,20,83,2016,Solo
612,Exchange,Bryson Tiller,kentucky hip hop,2015,160,43,53,-11,14,28,195,11,19,81,2016,Solo
613,Dancing On My Own,Calum Scott,neo mellow,2018,113,17,68,-9,10,23,260,84,3,84,2016,Solo
614,This Is What You Came For (feat. Rihanna),Calvin Harris,dance pop,2016,124,93,63,-3,15,47,222,20,3,84,2016,Solo
615,My Way,Calvin Harris,dance pop,2016,120,91,82,-3,16,54,219,9,4,78,2016,Solo
616,We Don't Talk Anymore (feat. Selena Gomez),Charlie Puth,dance pop,2016,100,56,73,-8,18,35,218,62,13,73,2016,Solo
617,One Call Away,Charlie Puth,dance pop,2016,91,61,67,-5,12,47,194,40,3,70,2016,Solo
618,Dangerously,Charlie Puth,dance pop,2016,112,52,70,-8,20,23,199,36,4,58,2016,Solo
619,Sex,Cheat Codes,dance pop,2016,102,69,51,-6,14,21,228,0,17,66,2016,Trio
620,Back To Sleep,Chris Brown,dance pop,2015,93,65,65,-5,9,72,201,4,24,65,2016,Solo
621,Tears (feat. Louisa Johnson),Clean Bandit,dance pop,2016,130,77,61,-4,16,30,226,4,4,65,2016,Band/Group
622,Hymn for the Weekend,Coldplay,permanent wave,2015,90,69,49,-6,33,41,258,21,4,86,2016,Band/Group
623,Adventure of a Lifetime,Coldplay,permanent wave,2015,112,92,64,-4,15,53,264,0,4,79,2016,Band/Group
624,This One's for You (feat. Zara Larsson) (Official Song UEFA EURO 2016),David Guetta,big room,2016,110,92,37,-3,9,37,207,0,5,72,2016,Solo
625,"Sit Still, Look Pretty",Daya,alt z,2016,182,74,66,-4,11,54,202,14,27,76,2016,Solo
626,Hide Away,Daya,alt z,2016,95,80,89,-5,7,46,192,23,8,72,2016,Solo
627,Let Me Love You,DJ Snake,dance pop,2016,100,72,65,-5,14,16,206,9,3,86,2016,Solo
628,Middle,DJ Snake,dance pop,2016,105,70,58,-5,5,22,221,1,4,79,2016,Solo
629,Cake By The Ocean,DNCE,dance pop,2016,119,75,77,-5,4,90,219,15,5,84,2016,Band/Group
630,Too Good,Drake,canadian hip hop,2016,118,65,79,-8,10,40,263,5,10,78,2016,Solo
631,Hotter Than Hell,Dua Lipa,dance pop,2017,110,87,53,-4,6,53,188,1,9,70,2016,Solo
632,DUELE EL CORAZON (feat. Wisin),Enrique Iglesias,dance pop,2016,91,91,72,-3,14,87,200,9,10,72,2016,Solo
633,Work from Home (feat. Ty Dolla $ign),Fifth Harmony,dance pop,2016,105,59,80,-6,6,59,214,10,4,81,2016,Band/Group
634,All In My Head (Flex) (feat. Fetty Wap),Fifth Harmony,dance pop,2016,95,79,69,-5,5,76,211,2,5,67,2016,Band/Group
635,My House,Flo Rida,dance pop,2015,94,70,69,-5,13,74,192,2,5,81,2016,Solo
636,Say It (feat. Tove Lo),Flume,australian dance,2016,75,53,60,-7,6,26,263,7,3,64,2016,Solo
637,Pink + White,Frank Ocean,alternative r&b,2016,160,55,54,-7,42,55,185,67,10,84,2016,Solo
638,Low Life (feat. The Weeknd),Future,atl hip hop,2016,144,33,72,-8,15,10,314,34,7,78,2016,Solo
639,No Money,Galantis,dance pop,2016,126,92,67,-4,24,80,189,3,4,72,2016,Duo
640,"i hate u, i love u (feat. olivia o'brien)",Garrett Nash,electropop,2016,93,28,49,-13,10,18,251,69,30,82,2016,Solo
641,"Me, Myself & I",G-Eazy,indie pop rap,2015,112,67,76,-7,16,39,251,2,10,82,2016,Solo
642,Starving,Hailee Steinfeld,dance pop,2016,100,62,73,-4,11,51,182,38,6,81,2016,Solo
643,Can I Be Him,James Arthur,pop,2016,108,54,70,-6,9,48,247,31,5,80,2016,Solo
644,When You Love Someone,James TW,neo mellow,2019,126,45,68,-6,5,35,217,26,3,79,2016,Solo
645,Love Me Now,John Legend,neo soul,2016,123,77,42,-4,11,72,210,57,9,59,2016,Solo
646,Perfect Strangers,Jonas Blue,dance pop,2018,118,86,73,-4,21,70,197,39,5,80,2016,Solo
647,Fast Car,Jonas Blue,dance pop,2018,114,58,67,-7,31,55,212,47,6,77,2016,Solo
648,Love Yourself,Justin Bieber,canadian pop,2015,100,38,61,-10,28,52,234,84,44,87,2016,Solo
649,Sorry,Justin Bieber,canadian pop,2015,100,76,65,-4,30,41,201,8,5,85,2016,Solo
650,"CAN'T STOP THE FEELING! (from DreamWorks Animation's ""TROLLS"")",Justin Timberlake,dance pop,2016,113,83,67,-6,10,70,238,1,7,77,2016,Solo
651,Gold,Kiiara,alt z,2020,113,41,60,-9,13,41,226,62,34,64,2016,Solo
652,Stole the Show,Kygo,edm,2016,100,64,64,-8,32,48,223,27,23,78,2016,Solo
653,Stay (feat. Maty Noyes),Kygo,edm,2015,103,74,65,-8,17,38,239,4,4,65,2016,Solo
654,"Sucker for Pain (with Wiz Khalifa, Imagine Dragons, Logic & Ty Dolla $ign feat. X Ambassadors)",Lil Wayne,hip hop,2016,169,79,50,-4,65,74,243,26,32,80,2016,Solo
655,Shout Out to My Ex,Little Mix,dance pop,2016,126,75,77,-4,11,80,246,2,9,81,2016,Band/Group
656,7 Years,Lukas Graham,danish pop,2016,120,47,77,-6,39,34,237,29,5,83,2016,Band/Group
657,Alaska,Maggie Rogers,indie pop,2019,104,39,85,-11,11,18,188,41,5,70,2016,Solo
658,Cold Water,Major Lazer,dance pop,2016,93,80,61,-5,16,50,185,7,4,72,2016,Trio
659,You & Me,Marc E. Bassy,pop,2017,84,64,45,-8,19,61,218,4,28,69,2016,Solo
660,Alone,Marshmello,brostep,2016,142,95,63,-4,11,42,274,2,3,76,2016,Solo
661,In the Name of Love,Martin Garrix,dance pop,2016,134,52,50,-6,45,17,196,11,4,81,2016,Solo
662,NO,Meghan Trainor,dance pop,2017,92,80,56,-4,74,66,214,1,21,75,2016,Solo
663,The Ocean (feat. Shy Martin),Mike Perry,dance pop,2016,90,57,63,-6,10,19,183,2,3,75,2016,Solo
664,I Took A Pill In Ibiza - Seeb Remix,Mike Posner,dance pop,2016,102,71,66,-7,8,71,198,4,11,81,2016,Solo
665,Final Song,MØ,art pop,2016,105,67,70,-6,8,25,236,1,3,70,2016,Solo
666,This Town,Niall Horan,dance pop,2016,112,41,68,-8,12,20,233,70,3,64,2016,Solo
667,Close,Nick Jonas,dance pop,2016,124,62,65,-5,14,40,234,25,8,74,2016,Solo
668,History,Olivia Holt,alt z,2016,101,63,77,-7,12,54,204,10,5,64,2016,Solo
669,History,One Direction,boy band,2015,87,70,66,-4,6,80,187,4,5,77,2016,Band/Group
670,Wherever I Go,OneRepublic,dance pop,2016,100,68,54,-6,24,35,170,10,4,68,2016,Band/Group
671,"Just Like Fire (From the Original Motion Picture ""Alice Through The Looking Glass"")",P!nk,dance pop,2016,163,70,63,-6,11,52,215,1,15,73,2016,Solo
672,Not Nice,PARTYNEXTDOOR,pop,2016,128,50,60,-9,12,73,203,3,8,67,2016,Solo
673,Needed Me,Rihanna,barbadian pop,2016,111,31,67,-8,8,30,192,11,24,84,2016,Solo
674,Work,Rihanna,barbadian pop,2016,92,53,73,-6,9,56,219,8,9,80,2016,Solo
675,Lost Boy,Ruth B.,alt z,2015,124,6,71,-15,9,35,275,97,5,77,2016,Solo
676,You Don't Own Me (feat. G-Eazy),SAYGRACE,dance pop,2016,186,64,33,-6,6,26,201,16,9,74,2016,Solo
677,Same Old Love,Selena Gomez,dance pop,2015,98,59,67,-4,21,44,229,2,3,70,2016,Solo
678,Hands To Myself,Selena Gomez,dance pop,2015,111,50,81,-7,34,47,201,1,12,68,2016,Solo
679,Treat You Better,Shawn Mendes,canadian pop,2017,83,82,44,-4,11,75,188,11,34,86,2016,Solo
680,I Know What You Did Last Summer,Shawn Mendes,canadian pop,2015,114,76,69,-5,15,74,224,10,9,77,2016,Solo
681,The Greatest (feat. Kendrick Lamar),Sia,australian dance,2016,192,73,67,-6,6,73,210,1,27,73,2016,Solo
682,Cheap Thrills (feat. Sean Paul),Sia,australian dance,2016,90,80,59,-5,8,73,225,6,22,73,2016,Solo
683,Sweet Lovin' - Radio Edit,Sigala,dance pop,2018,125,85,68,-3,34,71,202,21,7,69,2016,Solo
684,All My Friends (feat. Tinashe & Chance the Rapper),Snakehips,edm,2015,95,52,68,-6,11,18,230,12,14,77,2016,Duo
685,Just Hold On,Steve Aoki,dance pop,2018,115,93,65,-4,6,39,199,0,8,61,2016,Solo
686,Somebody Else,The 1975,modern alternative rock,2016,101,79,61,-6,15,47,348,20,6,76,2016,Band/Group
687,The Sound,The 1975,modern alternative rock,2016,121,94,65,-5,45,55,249,9,8,63,2016,Band/Group
688,Closer,The Chainsmokers,dance pop,2016,95,52,75,-6,11,66,245,41,3,88,2016,Duo
689,Don't Let Me Down,The Chainsmokers,dance pop,2016,160,87,53,-5,14,42,208,16,17,83,2016,Duo
690,Roses,The Chainsmokers,dance pop,2015,100,80,71,-7,31,34,227,4,6,78,2016,Duo
691,Ophelia,The Lumineers,folk-pop,2016,76,57,66,-7,9,57,160,61,3,79,2016,Band/Group
692,Starboy,The Weeknd,canadian contemporary r&b,2016,186,59,68,-7,14,49,230,14,28,88,2016,Solo
693,Once In a While,Timeflies,dance pop,2016,105,69,79,-6,62,35,215,1,14,65,2016,Duo
694,Girls Like (feat. Zara Larsson),Tinie Tempah,dance pop,2016,120,80,92,-3,8,54,196,37,5,67,2016,Solo
695,Cool Girl,Tove Lo,art pop,2016,102,69,67,-7,8,20,199,31,11,69,2016,Solo
696,Renegades,X Ambassadors,modern alternative rock,2015,90,86,53,-6,23,53,195,1,9,80,2016,Band/Group
697,Unsteady,X Ambassadors,modern alternative rock,2015,117,67,39,-6,12,20,194,18,6,78,2016,Band/Group
698,Never Forget You,Zara Larsson,dance pop,2017,146,73,58,-6,27,28,213,0,5,78,2016,Solo
699,PILLOWTALK,ZAYN,dance pop,2016,125,70,58,-4,9,44,203,12,5,82,2016,Solo
700,It's A Vibe,2 Chainz,atl hip hop,2017,73,50,82,-7,11,53,210,3,15,77,2017,Solo
701,Bank Account,21 Savage,atl hip hop,2017,75,35,88,-8,9,38,220,2,35,82,2017,Solo
702,Drowning (feat. Kodak Black),A Boogie Wit da Hoodie,melodic rap,2017,129,81,84,-5,12,81,209,50,6,79,2017,Solo
703,Plain Jane,A$AP Ferg,gangster rap,2017,170,84,80,-5,9,52,174,7,28,79,2017,Solo
704,Weak,AJR,modern rock,2017,124,64,67,-5,19,70,201,12,5,71,2017,Trio
705,Caroline,Aminé,hip hop,2017,120,34,94,-10,26,71,210,17,51,80,2017,Solo
706,More Than You Know,Axwell /\ Ingrosso,dance pop,2017,123,74,65,-5,31,57,203,3,3,83,2017,Duo
707,Rolex,Ayo & Teo,social media pop,2017,145,89,80,-3,27,79,239,8,4,73,2017,Duo
708,Bounce Back,Big Sean,detroit hip hop,2017,82,57,78,-6,13,27,222,11,14,76,2017,Solo
709,Man's Not Hot,Big Shaq,london rap,2017,135,88,91,-4,11,59,186,11,24,67,2017,Solo
710,Bored,Billie Eilish,art pop,2017,120,32,61,-13,8,11,181,90,5,88,2017,Solo
711,do re mi,blackbear,electropop,2017,111,59,75,-6,12,17,212,1,5,77,2017,Solo
712,That's What I Like,Bruno Mars,dance pop,2016,134,56,85,-5,9,86,207,1,4,86,2017,Solo
713,24K Magic,Bruno Mars,dance pop,2016,107,80,82,-4,15,63,226,3,8,82,2017,Solo
714,"Feels (feat. Pharrell Williams, Katy Perry & Big Sean)",Calvin Harris,dance pop,2017,101,75,89,-3,9,87,223,6,6,81,2017,Solo
715,Slide (feat. Frank Ocean & Migos),Calvin Harris,dance pop,2017,104,80,74,-3,25,51,231,50,5,77,2017,Solo
716,Havana (feat. Young Thug),Camila Cabello,dance pop,2018,105,52,77,-4,13,39,217,18,3,84,2017,Solo
717,Bodak Yellow,Cardi B,dance pop,2018,125,70,93,-6,23,49,224,7,10,77,2017,Solo
718,No Promises (feat. Demi Lovato),Cheat Codes,dance pop,2017,113,62,74,-7,11,58,223,6,16,66,2017,Trio
719,Redbone,Childish Gambino,atl hip hop,2016,160,34,74,-11,10,58,327,17,12,87,2017,Solo
720,Rockabye (feat. Sean Paul & Anne-Marie),Clean Bandit,dance pop,2016,102,76,72,-4,18,74,251,41,5,80,2017,Band/Group
721,Sorry Not Sorry,Demi Lovato,dance pop,2017,144,64,71,-7,26,89,204,2,23,81,2017,Solo
722,"I'm the One (feat. Justin Bieber, Quavo, Chance the Rapper & Lil Wayne)",DJ Khaled,dance pop,2017,81,67,60,-4,13,82,289,5,4,70,2017,Solo
723,Wild Thoughts (feat. Rihanna & Bryson Tiller),DJ Khaled,dance pop,2017,98,68,61,-3,13,62,205,3,8,70,2017,Solo
724,Passionfruit,Drake,canadian hip hop,2017,112,46,81,-11,11,36,299,26,4,86,2017,Solo
725,Fake Love,Drake,canadian hip hop,2017,134,48,93,-9,18,61,211,11,29,78,2017,Solo
726,Perfect,Ed Sheeran,pop,2017,95,45,60,-6,11,17,263,16,2,89,2017,Solo
727,Shape of You,Ed Sheeran,pop,2017,96,65,83,-3,9,93,234,58,8,89,2017,Solo
728,Sit Next to Me,Foster The People,indietronica,2017,97,74,64,-5,69,66,243,12,3,75,2017,Band/Group
729,Unforgettable,French Montana,gangster rap,2017,98,77,73,-5,10,73,234,3,12,86,2017,Solo
730,Mask Off,Future,atl hip hop,2017,150,43,83,-9,17,28,205,1,43,84,2017,Solo
731,Him & I (with Halsey),G-Eazy,indie pop rap,2017,88,73,59,-6,31,19,269,5,9,80,2017,Solo
732,No Limit,G-Eazy,indie pop rap,2017,176,77,84,-4,9,41,245,1,24,76,2017,Solo
733,Most Girls,Hailee Steinfeld,dance pop,2017,103,57,76,-7,9,42,204,5,8,77,2017,Solo
734,Now Or Never,Halsey,dance pop,2017,110,59,67,-5,13,45,215,11,4,71,2017,Solo
735,NUMB,Hayden James,aussietronica,2019,148,56,62,-7,9,40,217,18,4,64,2017,Solo
736,Believer,Imagine Dragons,modern rock,2017,125,78,78,-4,8,67,204,6,13,91,2017,Band/Group
737,Thunder,Imagine Dragons,modern rock,2017,168,82,61,-5,15,29,187,1,4,87,2017,Band/Group
738,Whatever It Takes,Imagine Dragons,modern rock,2017,135,66,67,-5,12,56,201,4,3,84,2017,Band/Group
739,HUMBLE.,Kendrick Lamar,conscious hip hop,2017,150,62,91,-7,10,42,177,0,10,87,2017,Solo
740,LOVE. FEAT. ZACARI.,Kendrick Lamar,conscious hip hop,2017,126,59,80,-7,15,78,213,26,9,85,2017,Solo
741,DNA.,Kendrick Lamar,conscious hip hop,2017,140,52,64,-7,8,42,186,0,36,83,2017,Solo
742,ELEMENT.,Kendrick Lamar,conscious hip hop,2017,190,71,75,-5,25,48,209,20,49,76,2017,Solo
743,Young Dumb & Broke,Khalid,pop,2017,137,54,80,-6,17,39,203,20,4,84,2017,Solo
744,Location,Khalid,pop,2017,80,45,74,-11,9,33,219,33,43,83,2017,Solo
745,Tunnel Vision,Kodak Black,florida rap,2017,172,49,50,-8,12,23,268,6,29,78,2017,Solo
746,iSpy (feat. Lil Yachty),KYLE,pop,2016,75,65,75,-7,23,67,253,38,29,76,2017,Solo
747,Lust For Life (with The Weeknd),Lana Del Rey,art pop,2017,100,66,50,-9,36,26,264,60,5,73,2017,Solo
748,Strip That Down (feat. Quavo),Liam Payne,dance pop,2019,106,50,87,-5,8,55,202,20,5,75,2017,Solo
749,Save That Shit,Lil Peep,emo rap,2017,106,58,53,-9,42,14,232,3,3,82,2017,Solo
750,Gucci Gang,Lil Pump,emo rap,2017,120,52,94,-7,12,70,124,24,6,69,2017,Solo
751,XO Tour Llif3,Lil Uzi Vert,melodic rap,2017,155,75,73,-6,11,40,183,0,23,86,2017,Solo
752,Touch (feat. Kid Ink),Little Mix,dance pop,2016,102,75,64,-4,49,55,203,4,11,59,2017,Band/Group
753,1-800-273-8255,Logic,conscious hip hop,2017,100,57,62,-8,19,36,250,57,5,82,2017,Solo
754,Liability,Lorde,art pop,2017,76,23,59,-11,10,38,172,92,13,79,2017,Solo
755,Green Light,Lorde,art pop,2017,129,72,59,-8,9,25,235,2,10,78,2017,Solo
756,"Homemade Dynamite (Feat. Khalid, Post Malone & SZA) - REMIX",Lorde,art pop,2017,107,55,78,-5,13,18,214,23,8,71,2017,Solo
757,broken,lovelytheband,indie poptimism,2018,123,73,67,-6,4,51,205,0,4,76,2017,Band/Group
758,Despacito,Luis Fonsi,latin,2019,178,80,66,-5,7,84,229,20,15,83,2017,Solo
759,Bad Things (with Camila Cabello),Machine Gun Kelly,ohio hip hop,2017,138,69,70,-5,19,31,239,21,15,76,2017,Solo
760,Glorious (feat. Skylar Grey),Macklemore,pop rap,2017,140,79,73,-5,11,36,220,3,5,78,2017,Solo
761,Cold (feat. Future),Maroon 5,pop,2018,100,72,69,-6,5,41,234,14,11,68,2017,Band/Group
762,Don't Wanna Know (feat. Kendrick Lamar),Maroon 5,pop,2018,100,61,78,-6,10,42,214,34,7,66,2017,Band/Group
763,Little Dark Age,MGMT,alternative dance,2018,98,71,71,-6,10,62,300,1,4,85,2017,Band/Group
764,Bad and Boujee (feat. Lil Uzi Vert),Migos,atl hip hop,2017,127,67,93,-5,12,17,343,6,24,78,2017,Trio
765,Slippery (feat. Gucci Mane),Migos,atl hip hop,2017,142,68,92,-6,10,75,304,31,26,74,2017,Trio
766,T-Shirt,Migos,atl hip hop,2017,139,69,87,-4,16,49,242,24,22,71,2017,Trio
767,Sky Walker (feat. Travis Scott),Miguel,dance pop,2017,146,51,67,-11,9,18,259,17,4,78,2017,Solo
768,Malibu,Miley Cyrus,dance pop,2017,140,78,57,-6,8,34,232,8,6,77,2017,Solo
769,Nights With You,MØ,art pop,2017,120,67,76,-4,38,60,197,40,10,61,2017,Solo
770,Slow Hands,Niall Horan,dance pop,2017,86,43,74,-7,6,85,188,1,5,79,2017,Solo
771,Magnolia,Playboi Carti,atl hip hop,2017,163,58,79,-7,35,44,182,1,29,82,2017,Solo
772,Chameleon,PNAU,alternative dance,2017,120,93,72,-3,30,20,198,0,4,48,2017,Trio
773,Feel It Still,Portugal. The Man,indie rock,2017,79,80,80,-5,7,75,163,4,5,81,2017,Band/Group
774,Congratulations,Post Malone,dfw rap,2016,123,80,63,-4,25,49,220,22,4,85,2017,Solo
775,I Fall Apart,Post Malone,dfw rap,2016,144,54,56,-5,20,29,223,7,4,83,2017,Solo
776,Swang,Rae Sremmurd,hip hop,2016,140,31,68,-9,10,17,208,20,6,80,2017,Duo
777,Black Beatles,Rae Sremmurd,hip hop,2016,146,63,79,-6,13,36,292,14,6,80,2017,Duo
778,Chill Bill (feat. J. Davi$ & Spooks),Rob $tone,san diego rap,2016,108,43,89,-10,9,23,177,3,14,81,2017,Solo
779,Losin Control,Russ,hawaiian hip hop,2017,97,25,76,-7,10,21,238,52,14,79,2017,Solo
780,Too Good At Goodbyes,Sam Smith,dance pop,2017,92,37,68,-8,17,48,201,64,4,77,2017,Solo
781,No Lie,Sean Paul,dance pop,2018,102,88,74,-3,21,46,221,5,12,89,2017,Solo
782,Fetish (feat. Gucci Mane),Selena Gomez,dance pop,2017,123,62,71,-4,6,27,186,2,6,74,2017,Solo
783,Broccoli,Shelley FKA DRAM,alternative r&b,2016,146,53,89,-7,6,71,225,24,13,64,2017,Solo
784,Don't Leave,Snakehips,edm,2017,122,70,66,-3,26,34,215,22,8,68,2017,Duo
785,Love Galore (feat. Travis Scott),SZA,pop,2017,135,59,80,-6,16,41,275,11,7,81,2017,Solo
786,Look What You Made Me Do,Taylor Swift,pop,2017,128,71,77,-6,13,51,212,20,12,81,2017,Solo
787,...Ready For It?,Taylor Swift,pop,2017,160,76,61,-7,20,42,208,5,14,78,2017,Solo
788,Something Just Like This,The Chainsmokers,dance pop,2017,103,64,62,-7,16,45,247,5,3,87,2017,Duo
789,Paris,The Chainsmokers,dance pop,2017,100,66,65,-6,9,22,222,2,3,77,2017,Duo
790,All Night,The Vamps,boy band,2017,145,80,54,-5,33,51,198,0,4,78,2017,Duo
791,Middle Of The Night,The Vamps,boy band,2017,130,75,59,-4,8,40,175,0,6,65,2017,Duo
792,I Feel It Coming,The Weeknd,canadian contemporary r&b,2016,93,82,77,-6,7,59,269,43,12,82,2017,Solo
793,goosebumps,Travis Scott,hip hop,2016,130,73,84,-3,15,43,244,8,5,88,2017,Solo
794,BUTTERFLY EFFECT,Travis Scott,hip hop,2018,141,63,76,-6,11,19,191,5,5,81,2017,Solo
795,Jocelyn Flores,XXXTENTACION,emo rap,2017,134,39,87,-9,30,44,119,47,24,89,2017,Solo
796,Rake It Up (feat. Nicki Minaj),Yo Gotti,dirty south rap,2017,150,44,91,-8,14,53,276,2,34,73,2017,Solo
797,I Would Like,Zara Larsson,dance pop,2017,121,71,49,-4,8,30,227,9,5,62,2017,Solo
798,Juju on That Beat (TZ Anthem),Zay Hilfigerrr,hip hop,2016,161,89,81,-4,39,78,144,0,28,62,2017,Solo
799,Stay,Zedd,complextro,2017,102,62,69,-5,12,54,210,25,6,80,2017,Solo
800,Youngblood,5 Seconds of Summer,boy band,2018,120,85,60,-5,12,15,203,2,46,74,2018,Band/Group
801,FEFE,6ix9ine,emo rap,2018,126,39,93,-9,14,38,179,9,41,75,2018,Solo
802,GUMMO,6ix9ine,emo rap,2018,157,78,66,-5,13,64,158,6,17,67,2018,Solo
803,God is a woman,Ariana Grande,dance pop,2018,145,66,60,-6,24,27,198,2,6,83,2018,Solo
804,no tears left to cry,Ariana Grande,dance pop,2018,122,71,70,-6,29,35,206,4,6,82,2018,Solo
805,Jumanji,B Young,afroswing,2018,96,47,79,-10,10,60,173,28,25,65,2018,Solo
806,Answerphone (feat. Yxng Bane),Banx & Ranx,basshall,2018,113,83,67,-4,45,45,191,4,9,60,2018,Duo
807,Mine,Bazzi,dance pop,2018,143,79,71,-4,45,72,131,2,7,80,2018,Solo
808,Eastside (with Halsey & Khalid),benny blanco,electropop,2018,89,68,56,-8,12,32,174,56,32,80,2018,Solo
809,lovely (with Khalid),Billie Eilish,art pop,2018,115,30,35,-10,10,12,200,93,3,91,2018,Solo
810,Look Alive (feat. Drake),BlocBoy JB,memphis hip hop,2018,140,58,92,-7,11,60,181,0,27,78,2018,Solo
811,Finesse - Remix; feat. Cardi B,Bruno Mars,dance pop,2017,105,86,70,-5,2,93,217,2,10,78,2018,Solo
812,One Kiss (with Dua Lipa),Calvin Harris,dance pop,2018,124,86,79,-3,8,59,215,4,11,86,2018,Solo
813,Never Be the Same,Camila Cabello,dance pop,2018,130,71,64,-4,14,24,227,18,7,79,2018,Solo
814,I Like It,Cardi B,dance pop,2018,136,73,82,-4,37,65,253,10,13,83,2018,Solo
815,Bodak Yellow,Cardi B,dance pop,2018,125,70,93,-6,23,49,224,7,10,77,2018,Solo
816,Be Careful,Cardi B,dance pop,2018,152,57,82,-8,10,54,211,3,41,72,2018,Solo
817,Miss You (with Major Lazer & Tory Lanez),Cashmere Cat,dance pop,2018,100,64,75,-5,11,45,186,25,9,61,2018,Solo
818,How Long,Charlie Puth,dance pop,2018,110,56,85,-5,4,81,201,21,8,77,2018,Solo
819,Done for Me (feat. Kehlani),Charlie Puth,dance pop,2018,112,63,86,-4,7,70,180,19,7,72,2018,Solo
820,The Way I Am,Charlie Puth,dance pop,2018,115,77,76,-6,6,64,186,31,19,68,2018,Solo
821,This Is America,Childish Gambino,atl hip hop,2018,120,46,85,-6,35,55,226,12,14,75,2018,Solo
822,Tequila,Dan + Shay,contemporary country,2018,86,58,49,-6,13,49,197,3,3,75,2018,Duo
823,Nevermind,Dennis Lloyd,israeli pop,2017,100,69,60,-8,41,8,157,16,20,79,2018,Solo
824,No Brainer,DJ Khaled,dance pop,2018,136,76,55,-5,9,64,260,7,34,71,2018,Solo
825,God's Plan,Drake,canadian hip hop,2018,77,45,75,-9,55,36,199,3,11,86,2018,Solo
826,Nonstop,Drake,canadian hip hop,2018,155,41,91,-8,10,42,239,2,12,82,2018,Solo
827,Nice For What,Drake,canadian hip hop,2018,93,91,59,-6,12,76,211,9,7,81,2018,Solo
828,In My Feelings,Drake,canadian hip hop,2018,91,63,84,-6,40,35,218,6,13,80,2018,Solo
829,I'm Upset,Drake,canadian hip hop,2018,150,59,90,-8,8,49,214,28,34,73,2018,Solo
830,IDGAF,Dua Lipa,dance pop,2017,97,54,84,-6,8,51,218,4,9,83,2018,Solo
831,In My Mind,Dynoro,edm,2018,126,77,69,-5,12,16,185,18,15,83,2018,Solo
832,Trip,Ella Mai,dance pop,2018,80,61,48,-6,11,36,214,23,14,77,2018,Solo
833,Boo'd Up,Ella Mai,dance pop,2017,82,78,56,-5,8,24,256,9,5,73,2018,Solo
834,River (feat. Ed Sheeran),Eminem,detroit hip hop,2017,90,75,75,-6,7,66,221,14,52,77,2018,Solo
835,German,EO,afroswing,2018,103,58,86,-6,19,85,171,81,7,71,2018,Solo
836,Let's Fall in Love for the Night,FINNEAS,alt z,2018,128,41,74,-8,17,37,190,80,10,77,2018,Solo
837,Simple,Florida Georgia Line,contemporary country,2019,200,88,36,-4,15,86,185,8,10,75,2018,Duo
838,Him & I (with Halsey),G-Eazy,indie pop rap,2017,88,73,59,-6,31,19,269,5,9,80,2018,Solo
839,Shotgun,George Ezra,folk-pop,2018,116,74,67,-5,24,75,201,29,5,81,2018,Solo
840,Paradise,George Ezra,folk-pop,2018,138,88,64,-4,21,91,222,21,4,73,2018,Solo
841,we fell in love in october,girl in red,bedroom pop,2018,130,37,57,-13,16,24,184,11,3,88,2018,Solo
842,"Let Me Go (with Alesso, Florida Georgia Line & watt)",Hailee Steinfeld,dance pop,2017,103,71,66,-4,8,74,175,3,5,81,2018,Solo
843,Bad At Love,Halsey,dance pop,2017,118,75,68,-4,9,61,181,6,3,77,2018,Solo
844,The Greatest Show,Hugh Jackman,hollywood,2017,158,82,42,-7,7,40,302,0,11,77,2018,Band/Group
845,Natural,Imagine Dragons,modern rock,2018,100,61,70,-6,8,22,189,22,4,85,2018,Band/Group
846,Make Me Feel,Janelle Monáe,afrofuturism,2018,115,41,86,-7,33,70,194,13,18,68,2018,Solo
847,You Make It Easy,Jason Aldean,contemporary country,2018,132,57,38,-5,11,41,197,14,3,74,2018,Solo
848,"King's Dead (with Kendrick Lamar, Future & James Blake)",Jay Rock,conscious hip hop,2018,137,71,65,-5,13,38,230,0,30,76,2018,Solo
849,Rise,Jonas Blue,dance pop,2018,106,79,69,-5,20,66,194,33,3,74,2018,Solo
850,Lucid Dreams,Juice WRLD,chicago rap,2018,84,57,51,-7,34,22,240,35,20,89,2018,Solo
851,LOVE. FEAT. ZACARI.,Kendrick Lamar,conscious hip hop,2017,126,59,80,-7,15,78,213,26,9,85,2018,Solo
852,All The Stars (with SZA),Kendrick Lamar,conscious hip hop,2018,97,63,70,-5,9,55,232,6,6,85,2018,Solo
853,Love Lies (with Normani),Khalid,pop,2018,144,65,71,-6,13,34,202,10,4,78,2018,Solo
854,1950,King Princess,alt z,2018,72,54,60,-7,16,27,225,65,11,77,2018,Solo
855,I Like Me Better,Lauv,dance pop,2018,92,51,75,-8,10,42,197,54,25,86,2018,Solo
856,Yes Indeed,Lil Baby,atl hip hop,2018,120,35,96,-9,11,56,142,4,53,84,2018,Solo
857,Freaky Friday (feat. Chris Brown),Lil Dicky,comedy rap,2018,133,60,76,-5,11,76,217,15,22,74,2018,Solo
858,Everyday,Logic,conscious hip hop,2018,150,74,67,-4,8,42,205,4,4,74,2018,Solo
859,Body,Loud Luxury,dance pop,2017,122,76,75,-4,5,58,163,5,4,77,2018,Duo
860,Bad Vibe,M.O,afroswing,2018,110,70,81,-4,10,76,214,18,4,58,2018,Band/Group
861,"Home (with Machine Gun Kelly, X Ambassadors & Bebe Rexha)",Machine Gun Kelly,ohio hip hop,2017,82,72,65,-5,5,22,203,0,21,77,2018,Solo
862,Corazón (feat. Nego do Borel),Maluma,latin,2018,198,74,72,-6,20,75,185,33,25,74,2018,Solo
863,Wait,Maroon 5,pop,2018,126,60,66,-5,11,45,191,10,6,64,2018,Band/Group
864,Happier,Marshmello,brostep,2018,100,79,69,-3,17,67,214,19,5,86,2018,Solo
865,Silence,Marshmello,brostep,2017,142,76,52,-3,17,29,181,26,9,84,2018,Solo
866,FRIENDS,Marshmello,brostep,2018,95,88,63,-2,13,53,203,21,5,83,2018,Solo
867,Spotlight,Marshmello,brostep,2018,150,82,55,-4,74,62,178,1,15,76,2018,Solo
868,Walk It Talk It,Migos,atl hip hop,2018,146,63,91,-5,11,40,276,9,18,79,2018,Trio
869,MotorSport,Migos,atl hip hop,2018,138,52,90,-5,33,19,303,3,18,77,2018,Trio
870,Stir Fry,Migos,atl hip hop,2018,182,82,82,-5,16,51,190,0,27,75,2018,Trio
871,17,MK,dance pop,2017,122,83,70,-7,7,67,196,0,7,69,2018,Solo
872,Let You Down,NF,hip hop,2017,148,71,66,-6,18,46,212,31,12,84,2018,Solo
873,Te Boté - Remix,Nio Garcia,latin,2018,97,68,90,-3,6,44,418,54,21,81,2018,Solo
874,Ric Flair Drip (with Metro Boomin),Offset,atl hip hop,2017,100,43,88,-8,11,33,173,15,21,85,2018,Solo
875,Vaina Loca,Ozuna,latin,2018,94,81,75,-4,20,56,176,32,8,77,2018,Solo
876,Déjala Que Vuelva (feat. Manuel Turizo),Piso 21,colombian pop,2018,170,79,68,-4,8,84,220,5,8,76,2018,Band/Group
877,rockstar (feat. 21 Savage),Post Malone,dfw rap,2018,160,52,59,-6,13,13,218,12,7,87,2018,Solo
878,Better Now,Post Malone,dfw rap,2018,145,58,68,-6,14,34,231,33,4,84,2018,Solo
879,Psycho (feat. Ty Dolla $ign),Post Malone,dfw rap,2018,140,56,75,-8,11,46,221,55,11,82,2018,Solo
880,Powerglide (feat. Juicy J) - From SR3MM,Rae Sremmurd,hip hop,2018,174,83,71,-5,12,58,332,2,15,71,2018,Duo
881,Plug Walk,Rich The Kid,atl hip hop,2018,95,52,88,-7,11,16,175,20,14,77,2018,Solo
882,Mo Bamba,Sheck Wes,rap,2018,146,63,73,-5,25,26,184,19,3,81,2018,Solo
883,Strangers,Sigrid,dance pop,2019,115,72,76,-6,8,13,234,1,4,64,2018,Solo
884,Delicate,Taylor Swift,pop,2017,95,40,75,-10,9,5,232,22,7,81,2018,Solo
885,It's Not Living (If It's Not With You),The 1975,modern alternative rock,2018,121,84,62,-5,6,53,248,0,3,75,2018,Band/Group
886,This Feeling,The Chainsmokers,dance pop,2018,105,57,57,-8,9,45,198,6,4,78,2018,Duo
887,Sick Boy,The Chainsmokers,dance pop,2018,90,58,66,-8,12,45,193,11,5,74,2018,Duo
888,Call Out My Name,The Weeknd,canadian contemporary r&b,2018,134,59,46,-5,31,18,228,17,4,85,2018,Solo
889,Pray For Me (with Kendrick Lamar),The Weeknd,canadian contemporary r&b,2018,101,68,74,-5,11,19,211,8,9,74,2018,Solo
890,Jackie Chan,Tiësto,big room,2018,128,83,75,-3,6,69,216,37,5,76,2018,Solo
891,SICKO MODE,Travis Scott,hip hop,2018,155,73,83,-4,12,45,313,1,22,86,2018,Solo
892,Taste (feat. Offset),Tyga,dance pop,2018,98,56,88,-7,10,34,233,2,12,78,2018,Solo
893,Saturday Sun,Vance Joy,folk-pop,2018,100,86,64,-4,22,71,215,48,5,75,2018,Solo
894,SAD!,XXXTENTACION,emo rap,2018,75,61,74,-5,12,47,167,26,14,88,2018,Solo
895,Moonlight,XXXTENTACION,emo rap,2018,128,54,92,-6,10,71,135,56,8,87,2018,Solo
896,changes,XXXTENTACION,emo rap,2018,65,31,67,-10,10,52,122,88,3,84,2018,Solo
897,If You're Over Me,Years & Years,dance pop,2018,104,85,65,-5,6,62,189,6,9,60,2018,Band/Group
898,"BIG BANK (feat. 2 Chainz, Big Sean, Nicki Minaj)",YG,cali rap,2018,204,35,75,-8,9,11,237,1,33,73,2018,Solo
899,The Middle,Zedd,complextro,2018,107,66,75,-3,11,44,185,17,4,84,2018,Solo
900,a lot,21 Savage,atl hip hop,2018,146,64,84,-8,34,27,289,4,9,83,2019,Solo
901,Easier,5 Seconds of Summer,boy band,2020,176,46,56,-4,11,62,158,48,26,74,2019,Band/Group
902,Swervin (feat. 6ix9ine),A Boogie Wit da Hoodie,melodic rap,2018,93,66,58,-5,11,43,189,2,30,80,2019,Solo
903,Look Back at It,A Boogie Wit da Hoodie,melodic rap,2018,96,59,79,-5,15,54,179,41,4,78,2019,Solo
904,Ladbroke Grove,AJ Tracey,grime,2019,134,84,90,-9,10,73,191,9,21,73,2019,Solo
905,China,Anuel AA,latin,2019,105,81,79,-4,8,61,302,8,9,80,2019,Solo
906,Secreto,Anuel AA,latin,2019,92,80,81,-4,14,71,259,60,13,79,2019,Solo
907,7 rings,Ariana Grande,dance pop,2019,140,32,78,-11,9,33,179,59,33,88,2019,Solo
908,"thank u, next",Ariana Grande,dance pop,2019,107,65,72,-6,10,41,207,23,7,85,2019,Solo
909,"break up with your girlfriend, i'm bored",Ariana Grande,dance pop,2019,170,55,73,-5,11,34,190,4,9,81,2019,Solo
910,boyfriend (with Social House),Ariana Grande,dance pop,2019,190,80,40,-4,16,70,186,12,46,81,2019,Solo
911,On A Roll,Ashley O,pop,2019,125,81,74,-6,5,39,154,8,9,62,2019,Solo
912,Callaita,Bad Bunny,latin,2019,176,62,61,-5,24,24,251,60,31,86,2019,Solo
913,MIA (feat. Drake),Bad Bunny,latin,2018,97,54,82,-6,10,16,210,1,6,82,2019,Solo
914,lovely (with Khalid),Billie Eilish,art pop,2018,115,30,35,-10,10,12,200,93,3,91,2019,Solo
915,bad guy,Billie Eilish,art pop,2019,135,43,70,-11,10,56,194,33,38,88,2019,Solo
916,when the party's over,Billie Eilish,art pop,2019,83,11,37,-14,9,20,196,98,10,85,2019,Solo
917,bury a friend,Billie Eilish,art pop,2019,120,39,91,-15,11,20,193,74,33,80,2019,Solo
918,Kill This Love,BLACKPINK,k-pop,2019,132,84,76,-5,23,65,191,32,19,79,2019,Band/Group
919,The Git Up,Blanco Brown,black americana,2019,98,68,85,-9,27,81,201,7,11,74,2019,Solo
920,Thotiana,Blueface,cali rap,2018,104,38,91,-13,11,39,129,18,27,71,2019,Solo
921,Boy With Luv (feat. Halsey),BTS,k-pop,2019,120,86,65,-5,19,80,230,9,8,86,2019,Band/Group
922,Please Me,Cardi B,dance pop,2019,134,57,75,-7,8,65,201,6,8,79,2019,Solo
923,Money,Cardi B,dance pop,2018,130,59,95,-7,11,22,184,1,29,78,2019,Solo
924,Suge,DaBaby,north carolina hip hop,2019,75,66,88,-6,13,84,163,6,43,77,2019,Solo
925,Location (feat. Burna Boy),Dave,uk hip hop,2019,110,50,81,-6,10,55,241,27,30,81,2019,Solo
926,Juicy,Doja Cat,dance pop,2019,170,66,79,-3,7,46,202,9,7,62,2019,Solo
927,3 Nights,Dominic Fike,alternative pop rock,2018,152,52,82,-7,10,88,178,22,9,84,2019,Solo
928,Money In The Grave (Drake ft. Rick Ross),Drake,canadian hip hop,2019,101,50,83,-4,12,10,205,10,5,82,2019,Solo
929,Don't Start Now,Dua Lipa,dance pop,2019,124,79,79,-5,10,68,183,1,8,84,2019,Solo
930,Take Me Back to London (feat. Stormzy),Ed Sheeran,pop,2019,138,76,89,-6,16,61,190,22,22,71,2019,Solo
931,Cross Me (feat. Chance the Rapper & PnB Rock),Ed Sheeran,pop,2019,95,79,75,-6,7,61,206,21,12,69,2019,Solo
932,Antisocial (with Travis Scott),Ed Sheeran,pop,2019,152,82,72,-5,36,91,162,13,5,68,2019,Solo
933,Leave Me Alone,Flipp Dinero,melodic rap,2019,150,74,79,-3,18,74,196,11,9,75,2019,Solo
934,Lost in the Fire (feat. The Weeknd),Gesaffelstein,dark clubbing,2019,101,67,66,-12,12,17,202,9,4,89,2019,Solo
935,Without Me,Halsey,dance pop,2018,136,49,75,-7,9,53,202,30,7,82,2019,Solo
936,emotions,iann dior,melodic rap,2019,81,63,63,-6,14,16,131,1,4,77,2019,Solo
937,gone girl,iann dior,melodic rap,2019,95,71,68,-6,7,36,137,16,3,75,2019,Solo
938,MIDDLE CHILD,J. Cole,conscious hip hop,2019,124,36,84,-12,27,46,214,15,28,85,2019,Solo
939,All Day And Night,Jax Jones,dance pop,2019,122,78,59,-4,16,52,169,27,9,64,2019,Solo
940,Sorry,Joel Corry,dance pop,2019,125,79,74,-5,32,85,189,5,6,68,2019,Solo
941,Sucker,Jonas Brothers,boy band,2019,138,73,84,-5,11,95,181,4,6,84,2019,Band/Group
942,Only Human,Jonas Brothers,boy band,2019,94,50,80,-6,6,87,183,11,7,76,2019,Band/Group
943,Robbery,Juice WRLD,chicago rap,2019,80,69,62,-5,15,57,240,33,5,84,2019,Solo
944,Good as You,Kane Brown,black americana,2019,154,52,63,-6,14,77,192,40,4,70,2019,Solo
945,Nights Like This (feat. Ty Dolla $ign),Kehlani,dance pop,2019,146,73,61,-5,15,29,202,37,15,80,2019,Solo
946,Better,Khalid,pop,2018,98,55,60,-10,10,11,229,8,10,81,2019,Solo
947,Talk (feat. Disclosure),Khalid,pop,2019,136,40,90,-9,6,35,198,5,13,76,2019,Solo
948,ZEZE (feat. Travis Scott & Offset),Kodak Black,florida rap,2018,98,60,86,-6,9,50,229,5,18,82,2019,Solo
949,Shallow,Lady Gaga,art pop,2018,96,39,57,-6,23,32,216,37,3,87,2019,Solo
950,Doin' Time,Lana Del Rey,art pop,2019,145,56,64,-11,9,52,202,40,4,83,2019,Solo
951,i'm so tired...,Lauv,dance pop,2020,102,73,60,-7,24,53,163,18,20,81,2019,Solo
952,Someone You Loved,Lewis Capaldi,pop,2019,110,41,50,-6,11,45,182,75,3,89,2019,Solo
953,Grace,Lewis Capaldi,pop,2019,104,56,72,-6,17,49,186,44,3,72,2019,Solo
954,Old Town Road - Remix,Lil Nas X,lgbtq+ hip hop,2019,136,62,88,-6,11,64,157,5,10,83,2019,Solo
955,Old Town Road,Lil Nas X,lgbtq+ hip hop,2019,136,53,91,-6,10,51,113,6,13,80,2019,Solo
956,Panini,Lil Nas X,lgbtq+ hip hop,2019,154,59,70,-6,12,48,115,34,8,76,2019,Solo
957,Ransom,Lil Tecca,melodic rap,2019,180,64,75,-6,7,23,131,2,29,83,2019,Solo
958,Truth Hurts,Lizzo,dance pop,2019,158,62,72,-3,12,41,173,11,11,80,2019,Solo
959,Good as Hell,Lizzo,dance pop,2019,96,92,68,-3,44,54,160,26,9,77,2019,Solo
960,Soltera - Remix,Lunay,latin,2019,92,78,80,-4,44,80,266,36,4,74,2019,Solo
961,Light On,Maggie Rogers,indie pop,2019,102,57,66,-6,13,40,234,20,5,72,2019,Solo
962,Nothing Breaks Like a Heart (feat. Miley Cyrus),Mark Ronson,dance pop,2018,114,79,60,-6,39,24,217,1,7,84,2019,Solo
963,Here With Me,Marshmello,brostep,2019,100,56,79,-4,16,18,156,6,4,77,2019,Solo
964,One Thing Right,Marshmello,brostep,2019,88,63,66,-2,58,44,182,6,5,77,2019,Solo
965,Piece Of Your Heart,MEDUZA,edm,2019,124,74,68,-7,7,63,153,4,3,81,2019,Band/Group
966,Going Bad (feat. Drake),Meek Mill,hip hop,2018,86,50,89,-6,25,54,181,26,9,83,2019,Solo
967,Hot Girl Summer (feat. Nicki Minaj & Ty Dolla $ign),Megan Thee Stallion,dance pop,2019,99,81,87,-5,21,57,199,0,16,73,2019,Solo
968,Slide Away,Miley Cyrus,dance pop,2019,148,54,53,-7,25,29,234,17,3,74,2019,Solo
969,Pure Water (with Migos),Mustard,cali rap,2019,202,56,68,-6,34,14,192,17,13,80,2019,Solo
970,Shotta Flow (feat. Blueface) [Remix],NLE Choppa,memphis hip hop,2019,120,51,89,-5,14,57,177,3,42,74,2019,Solo
971,Motivation,Normani,dance pop,2019,171,89,60,-4,30,88,194,2,10,76,2019,Solo
972,Options,NSG,afro dancehall,2020,102,62,84,-5,10,76,240,39,9,62,2019,Band/Group
973,Clout (feat. Cardi B),Offset,atl hip hop,2019,140,62,92,-7,12,42,206,23,10,73,2019,Solo
974,High Hopes,Panic! At The Disco,modern rock,2018,82,90,58,-3,6,68,191,19,6,85,2019,Band/Group
975,Adan y Eva,Paulo Londra,argentine hip hop,2019,172,71,77,-4,7,72,257,32,34,76,2019,Solo
976,Pop Out (feat. Lil Tjay),Polo G,chicago rap,2019,168,64,77,-7,7,26,167,15,47,83,2019,Solo
977,Circles,Post Malone,dfw rap,2019,120,76,70,-3,9,55,215,19,4,89,2019,Solo
978,Better Now,Post Malone,dfw rap,2018,145,58,68,-6,14,34,231,33,4,84,2019,Solo
979,Sunflower - Spider-Man: Into the Spider-Verse,Post Malone,dfw rap,2019,90,52,76,-4,7,93,158,53,6,84,2019,Solo
980,Wow.,Post Malone,dfw rap,2019,100,54,83,-7,10,39,150,14,21,83,2019,Solo
981,Goodbyes (feat. Young Thug),Post Malone,dfw rap,2019,150,65,55,-4,10,16,175,46,8,82,2019,Solo
982,Bohemian Rhapsody - Remastered 2011,Queen,classic rock,1975,144,40,39,-10,24,23,354,29,5,77,2019,Band/Group
983,Ride It,Regard,dance pop,2019,118,75,88,-4,11,88,158,18,9,85,2019,Solo
984,Keisha & Becky - Remix,Russ Millions,uk drill,2019,141,47,86,-10,12,64,253,25,48,73,2019,Solo
985,Post Malone (feat. RANI),Sam Feldt,dance pop,2019,107,64,59,-4,11,65,174,8,12,74,2019,Solo
986,My Type,Saweetie,cali rap,2019,105,81,90,-6,7,59,126,0,26,76,2019,Solo
987,Otro Trago,Sech,latin,2019,176,70,75,-5,11,62,226,14,34,76,2019,Solo
988,Señorita,Shawn Mendes,canadian pop,2019,117,55,76,-6,8,75,191,4,3,83,2019,Solo
989,If I Can't Have You,Shawn Mendes,canadian pop,2019,124,81,69,-4,15,86,191,52,6,78,2019,Solo
990,Don’t Feel Like Crying,Sigrid,dance pop,2019,120,81,75,-4,7,72,157,16,4,56,2019,Solo
991,Vossi Bop,Stormzy,grime,2019,188,65,68,-6,13,43,196,13,34,69,2019,Solo
992,Lover,Taylor Swift,pop,2019,69,54,36,-8,12,45,221,49,9,86,2019,Solo
993,Cruel Summer,Taylor Swift,pop,2019,170,70,55,-6,11,56,178,12,16,82,2019,Solo
994,You Need To Calm Down,Taylor Swift,pop,2019,85,67,77,-6,6,71,171,1,6,81,2019,Solo
995,SICKO MODE,Travis Scott,hip hop,2018,155,73,83,-4,12,45,313,1,22,86,2019,Solo
996,EARFQUAKE,"Tyler, The Creator",hip hop,2019,80,50,55,-9,80,41,190,23,7,85,2019,Solo
997,Boasty (feat. Idris Elba),Wiley,grime,2019,103,77,89,-5,9,46,177,1,7,68,2019,Solo
998,Strike a Pose (feat. Aitch),Young T & Bugsey,afroswing,2019,138,58,53,-6,10,59,214,1,10,67,2019,Duo
999,The London (feat. J. Cole & Travis Scott),Young Thug,atl hip hop,2019,98,59,80,-7,13,18,200,2,15,75,2019,Solo